-- phpMyAdmin SQL Dump
-- version 4.7.0
-- https://www.phpmyadmin.net/
--
-- Servidor: 127.0.0.1:33065
-- Tiempo de generación: 16-08-2020 a las 21:54:19
-- Versión del servidor: 10.1.26-MariaDB
-- Versión de PHP: 7.1.8

SET SQL_MODE = "NO_AUTO_VALUE_ON_ZERO";
SET AUTOCOMMIT = 0;
START TRANSACTION;
SET time_zone = "+00:00";


/*!40101 SET @OLD_CHARACTER_SET_CLIENT=@@CHARACTER_SET_CLIENT */;
/*!40101 SET @OLD_CHARACTER_SET_RESULTS=@@CHARACTER_SET_RESULTS */;
/*!40101 SET @OLD_COLLATION_CONNECTION=@@COLLATION_CONNECTION */;
/*!40101 SET NAMES utf8mb4 */;

--
-- Base de datos: `informes_db`
--

-- --------------------------------------------------------

--
-- Estructura de tabla para la tabla `categoria_so`
--

CREATE TABLE `categoria_so` (
  `id_cat` int(11) NOT NULL,
  `nombre_cat` varchar(100) COLLATE utf8_spanish_ci NOT NULL
) ENGINE=InnoDB DEFAULT CHARSET=utf8 COLLATE=utf8_spanish_ci;

--
-- Volcado de datos para la tabla `categoria_so`
--

INSERT INTO `categoria_so` (`id_cat`, `nombre_cat`) VALUES
(1, 'Autoridades Administrativas y Jurisdiccionales en Materia Laboral'),
(2, 'Fideicomisos y Fondos'),
(3, 'Instituciones de Educación Superior Autónomas'),
(4, 'Municipios'),
(5, 'Organismos Autónomos'),
(6, 'Partidos Políticos'),
(7, 'Poder Ejecutivo'),
(8, 'Poder Judicial'),
(9, 'Poder Legislativo'),
(10, 'Sindicatos');

-- --------------------------------------------------------

--
-- Estructura de tabla para la tabla `cat_estatus_sol`
--

CREATE TABLE `cat_estatus_sol` (
  `id_estatus` int(11) NOT NULL,
  `estado` varchar(20) COLLATE utf8_spanish_ci DEFAULT NULL
) ENGINE=InnoDB DEFAULT CHARSET=utf8 COLLATE=utf8_spanish_ci;

--
-- Volcado de datos para la tabla `cat_estatus_sol`
--

INSERT INTO `cat_estatus_sol` (`id_estatus`, `estado`) VALUES
(1, 'Pendiente'),
(2, 'Finalizada');

-- --------------------------------------------------------

--
-- Estructura de tabla para la tabla `cat_municipio`
--

CREATE TABLE `cat_municipio` (
  `id_municipio` int(11) NOT NULL,
  `nombre_mun` varchar(20) COLLATE utf8_spanish_ci DEFAULT NULL
) ENGINE=InnoDB DEFAULT CHARSET=utf8 COLLATE=utf8_spanish_ci;

--
-- Volcado de datos para la tabla `cat_municipio`
--

INSERT INTO `cat_municipio` (`id_municipio`, `nombre_mun`) VALUES
(1, 'Calakmul'),
(2, 'Calkiní'),
(3, 'Candelaria'),
(4, 'Campeche'),
(5, 'Carmen'),
(6, 'Champotón'),
(7, 'Escárcega'),
(8, 'Hecelchakán'),
(9, 'Hopelchén'),
(10, 'Palizada'),
(11, 'Tenabo');

-- --------------------------------------------------------

--
-- Estructura de tabla para la tabla `cat_resultados_resp`
--

CREATE TABLE `cat_resultados_resp` (
  `id_resultados` int(11) NOT NULL,
  `resultado` varchar(200) COLLATE utf8_spanish_ci DEFAULT NULL
) ENGINE=InnoDB DEFAULT CHARSET=utf8 COLLATE=utf8_spanish_ci;

--
-- Volcado de datos para la tabla `cat_resultados_resp`
--

INSERT INTO `cat_resultados_resp` (`id_resultados`, `resultado`) VALUES
(1, 'Se entregó la información solicitada'),
(2, 'Se entregó PARCIALMENTE la información solicitada'),
(3, 'Se negó por ser información RESERVADA'),
(4, 'Se negó por ser información CONFIDENCIAL'),
(5, 'Se declaró la INEXISTENCIA de la información'),
(6, 'Se DESECHÓ'),
(7, 'NO ES COMPETENCIA del sujeto obligado');

-- --------------------------------------------------------

--
-- Estructura de tabla para la tabla `cat_rol_usr`
--

CREATE TABLE `cat_rol_usr` (
  `id_rol_usr` int(1) NOT NULL,
  `nombre_rol` varchar(50) COLLATE utf8_spanish_ci NOT NULL
) ENGINE=InnoDB DEFAULT CHARSET=utf8 COLLATE=utf8_spanish_ci;

--
-- Volcado de datos para la tabla `cat_rol_usr`
--

INSERT INTO `cat_rol_usr` (`id_rol_usr`, `nombre_rol`) VALUES
(1, 'Administrador Órganismo Garante'),
(2, 'Responsable de Unidad de Transparencia');

-- --------------------------------------------------------

--
-- Estructura de tabla para la tabla `cat_tematica`
--

CREATE TABLE `cat_tematica` (
  `id_tematica` int(11) NOT NULL,
  `tematica` varchar(100) COLLATE utf8_spanish_ci DEFAULT NULL
) ENGINE=InnoDB DEFAULT CHARSET=utf8 COLLATE=utf8_spanish_ci;

--
-- Volcado de datos para la tabla `cat_tematica`
--

INSERT INTO `cat_tematica` (`id_tematica`, `tematica`) VALUES
(1, 'Seguridad Pública, Procuración y Administración de Justicia'),
(2, 'Auditorías, Estados Financieros y Cuenta Pública'),
(3, 'Obra Pública, Adquisiciones y Servicios'),
(4, 'Presupuestos, Programas y Contratos'),
(5, 'Estructura orgánica, remuneraciones, atribuciones y marco normativo'),
(6, 'Otros');

-- --------------------------------------------------------

--
-- Estructura de tabla para la tabla `ci_sessions`
--

CREATE TABLE `ci_sessions` (
  `id` varchar(40) COLLATE utf8_spanish_ci NOT NULL,
  `ip_address` varchar(45) COLLATE utf8_spanish_ci NOT NULL,
  `timestamp` int(10) UNSIGNED NOT NULL DEFAULT '0',
  `data` blob NOT NULL
) ENGINE=InnoDB DEFAULT CHARSET=utf8 COLLATE=utf8_spanish_ci;

--
-- Volcado de datos para la tabla `ci_sessions`
--

INSERT INTO `ci_sessions` (`id`, `ip_address`, `timestamp`, `data`) VALUES
('066q0hqpvqpvjcitop2i3jd347rg21r8', '::1', 1530039599, 0x5f5f63695f6c6173745f726567656e65726174657c693a313533303033393539393b6c6f67696e7c693a313b6e6f6d6272655f757365727c733a31343a22457269636b205261796d756e646f223b61705f705f757365727c733a363a225a6162616c61223b61705f6d5f757365727c733a363a2250c3a972657a223b736f7c733a38353a22436f6d697369c3b36e206465205472616e73706172656e63696120792041636365736f2061206c6120496e666f726d616369c3b36e2050c3ba626c6963612064656c2045737461646f2064652043616d7065636865223b726f6c7c733a313a2232223b656d61696c7c733a32333a22657a6162616c6140636f7461697065632e6f72672e6d78223b63617465677c733a32313a224f7267616e69736d6f7320417574c3b36e6f6d6f73223b61637469766f7c733a313a2231223b),
('0osr7bppprl4pqod6rsbveb352401034', '::1', 1529980541, 0x5f5f63695f6c6173745f726567656e65726174657c693a313532393938303534313b6c6f67696e7c693a313b6e6f6d6272655f757365727c733a31343a225269636172646f204d616e75656c223b61705f705f757365727c733a333a22436869223b61705f6d5f757365727c733a383a2247616c6c6172646f223b726f6c7c733a313a2231223b61637469766f7c733a313a2231223b),
('0rmt4vtl2r9ssrosglc1luo9fp37qqbf', '::1', 1530037703, 0x5f5f63695f6c6173745f726567656e65726174657c693a313533303033373730333b6c6f67696e7c693a313b6e6f6d6272655f757365727c733a31343a225269636172646f204d616e75656c223b61705f705f757365727c733a333a22436869223b61705f6d5f757365727c733a383a2247616c6c6172646f223b736f7c733a38353a22436f6d697369c3b36e206465205472616e73706172656e63696120792041636365736f2061206c6120496e666f726d616369c3b36e2050c3ba626c6963612064656c2045737461646f2064652043616d7065636865223b726f6c7c733a313a2231223b656d61696c7c733a32353a227267616c6c6172646f40636f7461697065632e6f72672e6d78223b63617465677c733a32313a224f7267616e69736d6f7320417574c3b36e6f6d6f73223b61637469766f7c733a313a2231223b),
('2bevq3hihtnha3o51gc04kv1ik3f1sos', '::1', 1530026051, 0x5f5f63695f6c6173745f726567656e65726174657c693a313533303032363035313b),
('2m930iu81qivhn5odtboiusmopi8am5m', '::1', 1530033196, 0x5f5f63695f6c6173745f726567656e65726174657c693a313533303033333139363b6c6f67696e7c693a313b6e6f6d6272655f757365727c733a31343a225269636172646f204d616e75656c223b61705f705f757365727c733a333a22436869223b61705f6d5f757365727c733a383a2247616c6c6172646f223b736f7c733a38353a22436f6d697369c3b36e206465205472616e73706172656e63696120792041636365736f2061206c6120496e666f726d616369c3b36e2050c3ba626c6963612064656c2045737461646f2064652043616d7065636865223b726f6c7c733a313a2231223b61637469766f7c733a313a2231223b),
('4qvgfir588t3h76u80bmr9e18uu87sks', '::1', 1530033536, 0x5f5f63695f6c6173745f726567656e65726174657c693a313533303033333533363b6c6f67696e7c693a313b6e6f6d6272655f757365727c733a31343a225269636172646f204d616e75656c223b61705f705f757365727c733a333a22436869223b61705f6d5f757365727c733a383a2247616c6c6172646f223b736f7c733a38353a22436f6d697369c3b36e206465205472616e73706172656e63696120792041636365736f2061206c6120496e666f726d616369c3b36e2050c3ba626c6963612064656c2045737461646f2064652043616d7065636865223b726f6c7c733a313a2231223b61637469766f7c733a313a2231223b),
('4tbhbp0dmicq1tttpmdplr0esupng7ud', '::1', 1533238424, 0x5f5f63695f6c6173745f726567656e65726174657c693a313533333233383338353b6c6f67696e7c693a313b6e6f6d6272655f757365727c733a31343a225269636172646f204d616e75656c223b61705f705f757365727c733a333a22436869223b61705f6d5f757365727c733a383a2247616c6c6172646f223b736f7c733a38353a22436f6d697369c3b36e206465205472616e73706172656e63696120792041636365736f2061206c6120496e666f726d616369c3b36e2050c3ba626c6963612064656c2045737461646f2064652043616d7065636865223b726f6c7c733a313a2231223b656d61696c7c733a32353a227267616c6c6172646f40636f7461697065632e6f72672e6d78223b63617465677c733a32313a224f7267616e69736d6f7320417574c3b36e6f6d6f73223b61637469766f7c733a313a2231223b),
('77g5n8msbufmu1je7t18rvqf8ui05mm5', '::1', 1529981526, 0x5f5f63695f6c6173745f726567656e65726174657c693a313532393938313532363b6c6f67696e7c693a313b6e6f6d6272655f757365727c733a31343a225269636172646f204d616e75656c223b61705f705f757365727c733a333a22436869223b61705f6d5f757365727c733a383a2247616c6c6172646f223b726f6c7c733a313a2231223b61637469766f7c733a313a2231223b),
('7jb74tg7mla2f09a69gcts94ts83b206', '::1', 1530043897, 0x5f5f63695f6c6173745f726567656e65726174657c693a313533303034333839373b6c6f67696e7c693a313b6e6f6d6272655f757365727c733a31343a225269636172646f204d616e75656c223b61705f705f757365727c733a333a22436869223b61705f6d5f757365727c733a383a2247616c6c6172646f223b736f7c733a38353a22436f6d697369c3b36e206465205472616e73706172656e63696120792041636365736f2061206c6120496e666f726d616369c3b36e2050c3ba626c6963612064656c2045737461646f2064652043616d7065636865223b726f6c7c733a313a2231223b656d61696c7c733a32353a227267616c6c6172646f40636f7461697065632e6f72672e6d78223b63617465677c733a32313a224f7267616e69736d6f7320417574c3b36e6f6d6f73223b61637469766f7c733a313a2231223b),
('881sdsf0msegkulrn61sn0a9g5fdd1j5', '::1', 1529982386, 0x5f5f63695f6c6173745f726567656e65726174657c693a313532393938323039393b6c6f67696e7c693a313b6e6f6d6272655f757365727c733a31343a225269636172646f204d616e75656c223b61705f705f757365727c733a333a22436869223b61705f6d5f757365727c733a383a2247616c6c6172646f223b726f6c7c733a313a2231223b61637469766f7c733a313a2231223b),
('8v6jeucksjignj2ck59emdhept9fs65l', '::1', 1530043577, 0x5f5f63695f6c6173745f726567656e65726174657c693a313533303034333537373b6c6f67696e7c693a313b6e6f6d6272655f757365727c733a31343a225269636172646f204d616e75656c223b61705f705f757365727c733a333a22436869223b61705f6d5f757365727c733a383a2247616c6c6172646f223b736f7c733a38353a22436f6d697369c3b36e206465205472616e73706172656e63696120792041636365736f2061206c6120496e666f726d616369c3b36e2050c3ba626c6963612064656c2045737461646f2064652043616d7065636865223b726f6c7c733a313a2231223b656d61696c7c733a32353a227267616c6c6172646f40636f7461697065632e6f72672e6d78223b63617465677c733a32313a224f7267616e69736d6f7320417574c3b36e6f6d6f73223b61637469766f7c733a313a2231223b),
('9ajn2kn1e7s4m1eu2t3pmuvs2279m3t2', '::1', 1530033849, 0x5f5f63695f6c6173745f726567656e65726174657c693a313533303033333834393b6c6f67696e7c693a313b6e6f6d6272655f757365727c733a31343a225269636172646f204d616e75656c223b61705f705f757365727c733a333a22436869223b61705f6d5f757365727c733a383a2247616c6c6172646f223b736f7c733a38353a22436f6d697369c3b36e206465205472616e73706172656e63696120792041636365736f2061206c6120496e666f726d616369c3b36e2050c3ba626c6963612064656c2045737461646f2064652043616d7065636865223b726f6c7c733a313a2231223b61637469766f7c733a313a2231223b),
('brah6si8r0s5g416iccgdv7eqm1t59nt', '::1', 1530022949, 0x5f5f63695f6c6173745f726567656e65726174657c693a313533303032323934393b6c6f67696e7c693a313b6e6f6d6272655f757365727c733a31343a225269636172646f204d616e75656c223b61705f705f757365727c733a333a22436869223b61705f6d5f757365727c733a383a2247616c6c6172646f223b726f6c7c733a313a2231223b61637469766f7c733a313a2231223b),
('c2uih6jph4qfdndutcb7tik3sd816rgb', '::1', 1529979355, 0x5f5f63695f6c6173745f726567656e65726174657c693a313532393937393335353b6c6f67696e7c693a313b6e6f6d6272655f757365727c733a31343a225269636172646f204d616e75656c223b61705f705f757365727c733a333a22436869223b61705f6d5f757365727c733a383a2247616c6c6172646f223b726f6c7c733a313a2231223b61637469766f7c733a313a2231223b),
('dd4k7t5vu2i4iht8bt43oejh6k3h4vsh', '::1', 1529981837, 0x5f5f63695f6c6173745f726567656e65726174657c693a313532393938313833373b6c6f67696e7c693a313b6e6f6d6272655f757365727c733a31343a225269636172646f204d616e75656c223b61705f705f757365727c733a333a22436869223b61705f6d5f757365727c733a383a2247616c6c6172646f223b726f6c7c733a313a2231223b61637469766f7c733a313a2231223b),
('ddntnliil2eevnq978bh3fjcb04s71qk', '::1', 1530038088, 0x5f5f63695f6c6173745f726567656e65726174657c693a313533303033383038383b6c6f67696e7c693a313b6e6f6d6272655f757365727c733a31343a225269636172646f204d616e75656c223b61705f705f757365727c733a333a22436869223b61705f6d5f757365727c733a383a2247616c6c6172646f223b736f7c733a38353a22436f6d697369c3b36e206465205472616e73706172656e63696120792041636365736f2061206c6120496e666f726d616369c3b36e2050c3ba626c6963612064656c2045737461646f2064652043616d7065636865223b726f6c7c733a313a2231223b656d61696c7c733a32353a227267616c6c6172646f40636f7461697065632e6f72672e6d78223b63617465677c733a32313a224f7267616e69736d6f7320417574c3b36e6f6d6f73223b61637469766f7c733a313a2231223b),
('f2n5k955bq8tuid1tgll6sbdj20t61el', '::1', 1530044323, 0x5f5f63695f6c6173745f726567656e65726174657c693a313533303034343237373b6c6f67696e7c693a313b6e6f6d6272655f757365727c733a31343a225269636172646f204d616e75656c223b61705f705f757365727c733a333a22436869223b61705f6d5f757365727c733a383a2247616c6c6172646f223b736f7c733a38353a22436f6d697369c3b36e206465205472616e73706172656e63696120792041636365736f2061206c6120496e666f726d616369c3b36e2050c3ba626c6963612064656c2045737461646f2064652043616d7065636865223b726f6c7c733a313a2231223b656d61696c7c733a32353a227267616c6c6172646f40636f7461697065632e6f72672e6d78223b63617465677c733a32313a224f7267616e69736d6f7320417574c3b36e6f6d6f73223b61637469766f7c733a313a2231223b),
('g0r9ra9t1lafe6nt3k56ngr6fn6cucei', '::1', 1529979947, 0x5f5f63695f6c6173745f726567656e65726174657c693a313532393937393934373b6c6f67696e7c693a313b6e6f6d6272655f757365727c733a31343a225269636172646f204d616e75656c223b61705f705f757365727c733a333a22436869223b61705f6d5f757365727c733a383a2247616c6c6172646f223b726f6c7c733a313a2231223b61637469766f7c733a313a2231223b),
('g5c0sko5mpppnf5n83fbg0lpgpovqter', '::1', 1530034200, 0x5f5f63695f6c6173745f726567656e65726174657c693a313533303033343230303b6c6f67696e7c693a313b6e6f6d6272655f757365727c733a31343a225269636172646f204d616e75656c223b61705f705f757365727c733a333a22436869223b61705f6d5f757365727c733a383a2247616c6c6172646f223b736f7c733a38353a22436f6d697369c3b36e206465205472616e73706172656e63696120792041636365736f2061206c6120496e666f726d616369c3b36e2050c3ba626c6963612064656c2045737461646f2064652043616d7065636865223b726f6c7c733a313a2231223b61637469766f7c733a313a2231223b),
('k5qddo0hskna5kml5busvf16ac61tamq', '::1', 1530041324, 0x5f5f63695f6c6173745f726567656e65726174657c693a313533303034313332343b6c6f67696e7c693a313b6e6f6d6272655f757365727c733a31343a225269636172646f204d616e75656c223b61705f705f757365727c733a333a22436869223b61705f6d5f757365727c733a383a2247616c6c6172646f223b736f7c733a38353a22436f6d697369c3b36e206465205472616e73706172656e63696120792041636365736f2061206c6120496e666f726d616369c3b36e2050c3ba626c6963612064656c2045737461646f2064652043616d7065636865223b726f6c7c733a313a2231223b656d61696c7c733a32353a227267616c6c6172646f40636f7461697065632e6f72672e6d78223b63617465677c733a32313a224f7267616e69736d6f7320417574c3b36e6f6d6f73223b61637469766f7c733a313a2231223b),
('lah4rebp8g446jh4nip05pdhd1e85d2i', '::1', 1529980888, 0x5f5f63695f6c6173745f726567656e65726174657c693a313532393938303838383b6c6f67696e7c693a313b6e6f6d6272655f757365727c733a31343a225269636172646f204d616e75656c223b61705f705f757365727c733a333a22436869223b61705f6d5f757365727c733a383a2247616c6c6172646f223b726f6c7c733a313a2231223b61637469766f7c733a313a2231223b),
('q96f9m2un6jl75o4mp45jtp8o3v3dnqi', '::1', 1529981210, 0x5f5f63695f6c6173745f726567656e65726174657c693a313532393938313231303b6c6f67696e7c693a313b6e6f6d6272655f757365727c733a31343a225269636172646f204d616e75656c223b61705f705f757365727c733a333a22436869223b61705f6d5f757365727c733a383a2247616c6c6172646f223b726f6c7c733a313a2231223b61637469766f7c733a313a2231223b),
('q9ifjv6i0bjhm54g71p0delp66vi06rc', '::1', 1529977514, 0x5f5f63695f6c6173745f726567656e65726174657c693a313532393937373531343b6c6f67696e7c693a313b6e6f6d6272655f757365727c733a31343a225269636172646f204d616e75656c223b61705f705f757365727c733a333a22436869223b61705f6d5f757365727c733a383a2247616c6c6172646f223b726f6c7c733a313a2231223b61637469766f7c733a313a2231223b),
('qdjtn1sq5rjkbguth27scphkpt7pbia5', '::1', 1530037132, 0x5f5f63695f6c6173745f726567656e65726174657c693a313533303033373133323b6c6f67696e7c693a313b6e6f6d6272655f757365727c733a31343a225269636172646f204d616e75656c223b61705f705f757365727c733a333a22436869223b61705f6d5f757365727c733a383a2247616c6c6172646f223b736f7c733a38353a22436f6d697369c3b36e206465205472616e73706172656e63696120792041636365736f2061206c6120496e666f726d616369c3b36e2050c3ba626c6963612064656c2045737461646f2064652043616d7065636865223b726f6c7c733a313a2231223b656d61696c7c733a32353a227267616c6c6172646f40636f7461697065632e6f72672e6d78223b63617465677c733a32313a224f7267616e69736d6f7320417574c3b36e6f6d6f73223b61637469766f7c733a313a2231223b),
('qm11244iiicurmh03e7g6nke44ke16ig', '::1', 1529976733, 0x5f5f63695f6c6173745f726567656e65726174657c693a313532393937363439343b),
('r43qslvbqmmjuv2fitlnh6i2bp6gol75', '::1', 1529977213, 0x5f5f63695f6c6173745f726567656e65726174657c693a313532393937373231333b6c6f67696e7c693a313b6e6f6d6272655f757365727c733a31343a225269636172646f204d616e75656c223b61705f705f757365727c733a333a22436869223b61705f6d5f757365727c733a383a2247616c6c6172646f223b726f6c7c733a313a2231223b61637469766f7c733a313a2231223b),
('rb5h8piqi7fqrcbttprqgrc6g2e09vpn', '::1', 1530038629, 0x5f5f63695f6c6173745f726567656e65726174657c693a313533303033383632393b6c6f67696e7c693a313b6e6f6d6272655f757365727c733a31343a22457269636b205261796d756e646f223b61705f705f757365727c733a363a225a6162616c61223b61705f6d5f757365727c733a363a2250c3a972657a223b736f7c733a38353a22436f6d697369c3b36e206465205472616e73706172656e63696120792041636365736f2061206c6120496e666f726d616369c3b36e2050c3ba626c6963612064656c2045737461646f2064652043616d7065636865223b726f6c7c733a313a2232223b656d61696c7c733a32333a22657a6162616c6140636f7461697065632e6f72672e6d78223b63617465677c733a32313a224f7267616e69736d6f7320417574c3b36e6f6d6f73223b61637469766f7c733a313a2231223b),
('re922o5jvhlge3p039on68c00h6q26a1', '::1', 1530020167, 0x5f5f63695f6c6173745f726567656e65726174657c693a313533303032303136373b6c6f67696e7c693a313b6e6f6d6272655f757365727c733a31343a225269636172646f204d616e75656c223b61705f705f757365727c733a333a22436869223b61705f6d5f757365727c733a383a2247616c6c6172646f223b726f6c7c733a313a2231223b61637469766f7c733a313a2231223b),
('rgrp0p41nsc8bedv54qs73skvf375bpg', '::1', 1529978746, 0x5f5f63695f6c6173745f726567656e65726174657c693a313532393937383734363b6c6f67696e7c693a313b6e6f6d6272655f757365727c733a31343a225269636172646f204d616e75656c223b61705f705f757365727c733a333a22436869223b61705f6d5f757365727c733a383a2247616c6c6172646f223b726f6c7c733a313a2231223b61637469766f7c733a313a2231223b6d656e73616a657c733a39313a223c6469763e3c683620636c6173733d227265642d7465787422207374796c653d22666f6e742d73697a653a20313370783b223e204c6120636f6e7472617365c3b16120657320696e636f7272656374613c2f68363e3c2f6469763e223b5f5f63695f766172737c613a313a7b733a373a226d656e73616a65223b733a333a226e6577223b7d),
('sanjnkl0j7khvihrug8mf2dd6erj0d96', '::1', 1530032573, 0x5f5f63695f6c6173745f726567656e65726174657c693a313533303033323537333b),
('tg4sobj9btgjqng6jtdokq6501il3ptr', '::1', 1530036622, 0x5f5f63695f6c6173745f726567656e65726174657c693a313533303033363632323b6c6f67696e7c693a313b6e6f6d6272655f757365727c733a31343a225269636172646f204d616e75656c223b61705f705f757365727c733a333a22436869223b61705f6d5f757365727c733a383a2247616c6c6172646f223b736f7c733a38353a22436f6d697369c3b36e206465205472616e73706172656e63696120792041636365736f2061206c6120496e666f726d616369c3b36e2050c3ba626c6963612064656c2045737461646f2064652043616d7065636865223b726f6c7c733a313a2231223b656d61696c7c733a32353a227267616c6c6172646f40636f7461697065632e6f72672e6d78223b61637469766f7c733a313a2231223b),
('v62qgu0enbrlbfrlif9e1spklm1egdvf', '::1', 1529978006, 0x5f5f63695f6c6173745f726567656e65726174657c693a313532393937383030363b6c6f67696e7c693a313b6e6f6d6272655f757365727c733a31343a225269636172646f204d616e75656c223b61705f705f757365727c733a333a22436869223b61705f6d5f757365727c733a383a2247616c6c6172646f223b726f6c7c733a313a2231223b61637469766f7c733a313a2231223b),
('vkca0018nqlvd06ivjjirbuu7vf8sf61', '::1', 1530040194, 0x5f5f63695f6c6173745f726567656e65726174657c693a313533303034303139343b6c6f67696e7c693a313b6e6f6d6272655f757365727c733a31343a225269636172646f204d616e75656c223b61705f705f757365727c733a333a22436869223b61705f6d5f757365727c733a383a2247616c6c6172646f223b736f7c733a33303a225365637265746172c3ad61206465206c6120436f6e7472616c6f72c3ad61223b726f6c7c733a313a2231223b656d61696c7c733a32353a227267616c6c6172646f40636f7461697065632e6f72672e6d78223b63617465677c733a31353a22506f64657220456a6563757469766f223b61637469766f7c733a313a2231223b);

-- --------------------------------------------------------

--
-- Estructura de tabla para la tabla `dias_inhabiles`
--

CREATE TABLE `dias_inhabiles` (
  `id_inhabil` int(11) NOT NULL,
  `dia` date DEFAULT NULL
) ENGINE=InnoDB DEFAULT CHARSET=utf8 COLLATE=utf8_spanish_ci;

-- --------------------------------------------------------

--
-- Estructura de tabla para la tabla `estado_usr`
--

CREATE TABLE `estado_usr` (
  `id_estado_usr` int(11) NOT NULL,
  `estado_usr` varchar(45) COLLATE utf8_spanish_ci DEFAULT NULL
) ENGINE=InnoDB DEFAULT CHARSET=utf8 COLLATE=utf8_spanish_ci;

--
-- Volcado de datos para la tabla `estado_usr`
--

INSERT INTO `estado_usr` (`id_estado_usr`, `estado_usr`) VALUES
(0, 'Inactivo'),
(1, 'Activo');

-- --------------------------------------------------------

--
-- Estructura de tabla para la tabla `informe_detallado`
--

CREATE TABLE `informe_detallado` (
  `id_reg` int(11) NOT NULL,
  `folio_solicitud` varchar(15) COLLATE utf8_spanish_ci DEFAULT NULL,
  `fecha_recep` date DEFAULT NULL,
  `fecha_resp` date DEFAULT NULL,
  `tiempo_respuesta` int(11) DEFAULT NULL,
  `inf_solicitada` mediumtext COLLATE utf8_spanish_ci,
  `detalle_otros` varchar(255) COLLATE utf8_spanish_ci DEFAULT NULL,
  `proroga` varchar(1) COLLATE utf8_spanish_ci DEFAULT NULL,
  `lengua_indigena` varchar(1) COLLATE utf8_spanish_ci DEFAULT NULL,
  `id_estatus` int(11) NOT NULL,
  `id_resultados` int(11) NOT NULL,
  `id_tematica` int(11) NOT NULL,
  `id_so` int(11) NOT NULL
) ENGINE=InnoDB DEFAULT CHARSET=utf8 COLLATE=utf8_spanish_ci;

-- --------------------------------------------------------

--
-- Estructura de tabla para la tabla `sujeto_obligado`
--

CREATE TABLE `sujeto_obligado` (
  `id_so` int(11) NOT NULL,
  `nombre_so` varchar(255) COLLATE utf8_spanish_ci DEFAULT NULL,
  `siglas` varchar(45) COLLATE utf8_spanish_ci DEFAULT NULL,
  `id_municipio` int(11) NOT NULL,
  `id_cat` int(11) NOT NULL
) ENGINE=InnoDB DEFAULT CHARSET=utf8 COLLATE=utf8_spanish_ci;

--
-- Volcado de datos para la tabla `sujeto_obligado`
--

INSERT INTO `sujeto_obligado` (`id_so`, `nombre_so`, `siglas`, `id_municipio`, `id_cat`) VALUES
(1, 'Secretaría de la Contraloría', 'SECONT', 1, 7),
(2, 'Fiscalía General del Estado', 'FGECAM', 4, 7),
(52, 'Comisión de Transparencia y Acceso a la Información Pública del Estado de Campeche', 'COTAIPEC', 4, 5);

-- --------------------------------------------------------

--
-- Estructura de tabla para la tabla `usuarios`
--

CREATE TABLE `usuarios` (
  `id_user` int(11) NOT NULL,
  `nombre_usr` varchar(60) COLLATE utf8_spanish_ci DEFAULT NULL,
  `apellido_p_usr` varchar(60) COLLATE utf8_spanish_ci DEFAULT NULL,
  `apellido_m_usr` varchar(60) COLLATE utf8_spanish_ci DEFAULT NULL,
  `email_usr` varchar(75) COLLATE utf8_spanish_ci DEFAULT NULL,
  `user` varchar(45) COLLATE utf8_spanish_ci DEFAULT NULL,
  `password` varchar(12) COLLATE utf8_spanish_ci DEFAULT NULL,
  `rol_usr` varchar(1) COLLATE utf8_spanish_ci DEFAULT NULL,
  `id_estado_usr` int(11) NOT NULL,
  `id_so` int(11) NOT NULL
) ENGINE=InnoDB DEFAULT CHARSET=utf8 COLLATE=utf8_spanish_ci;

--
-- Volcado de datos para la tabla `usuarios`
--

INSERT INTO `usuarios` (`id_user`, `nombre_usr`, `apellido_p_usr`, `apellido_m_usr`, `email_usr`, `user`, `password`, `rol_usr`, `id_estado_usr`, `id_so`) VALUES
(1, 'Ricardo Manuel', 'Chi', 'Gallardo', 'rgallardo@cotaipec.org.mx', 'rgallardo', '20098310', '1', 1, 52),
(2, 'Erick Raymundo', 'Zabala', 'Pérez', 'ezabala@cotaipec.org.mx', 'ezabala', '20098310', '2', 1, 1),
(3, 'Mauricio', 'Preve', 'Grajales', 'mpreve@cotaipec.org.mx', 'mpreve', '20098310', '2', 1, 2);

--
-- Índices para tablas volcadas
--

--
-- Indices de la tabla `categoria_so`
--
ALTER TABLE `categoria_so`
  ADD PRIMARY KEY (`id_cat`);

--
-- Indices de la tabla `cat_estatus_sol`
--
ALTER TABLE `cat_estatus_sol`
  ADD PRIMARY KEY (`id_estatus`);

--
-- Indices de la tabla `cat_municipio`
--
ALTER TABLE `cat_municipio`
  ADD PRIMARY KEY (`id_municipio`);

--
-- Indices de la tabla `cat_resultados_resp`
--
ALTER TABLE `cat_resultados_resp`
  ADD PRIMARY KEY (`id_resultados`);

--
-- Indices de la tabla `cat_rol_usr`
--
ALTER TABLE `cat_rol_usr`
  ADD PRIMARY KEY (`id_rol_usr`);

--
-- Indices de la tabla `cat_tematica`
--
ALTER TABLE `cat_tematica`
  ADD PRIMARY KEY (`id_tematica`);

--
-- Indices de la tabla `ci_sessions`
--
ALTER TABLE `ci_sessions`
  ADD PRIMARY KEY (`id`),
  ADD KEY `ci_sessions_timestamp` (`timestamp`);

--
-- Indices de la tabla `dias_inhabiles`
--
ALTER TABLE `dias_inhabiles`
  ADD PRIMARY KEY (`id_inhabil`);

--
-- Indices de la tabla `estado_usr`
--
ALTER TABLE `estado_usr`
  ADD PRIMARY KEY (`id_estado_usr`);

--
-- Indices de la tabla `informe_detallado`
--
ALTER TABLE `informe_detallado`
  ADD PRIMARY KEY (`id_reg`);

--
-- Indices de la tabla `sujeto_obligado`
--
ALTER TABLE `sujeto_obligado`
  ADD PRIMARY KEY (`id_so`);

--
-- Indices de la tabla `usuarios`
--
ALTER TABLE `usuarios`
  ADD PRIMARY KEY (`id_user`);

--
-- AUTO_INCREMENT de las tablas volcadas
--

--
-- AUTO_INCREMENT de la tabla `categoria_so`
--
ALTER TABLE `categoria_so`
  MODIFY `id_cat` int(11) NOT NULL AUTO_INCREMENT, AUTO_INCREMENT=11;
--
-- AUTO_INCREMENT de la tabla `cat_estatus_sol`
--
ALTER TABLE `cat_estatus_sol`
  MODIFY `id_estatus` int(11) NOT NULL AUTO_INCREMENT, AUTO_INCREMENT=3;
--
-- AUTO_INCREMENT de la tabla `cat_resultados_resp`
--
ALTER TABLE `cat_resultados_resp`
  MODIFY `id_resultados` int(11) NOT NULL AUTO_INCREMENT, AUTO_INCREMENT=8;
--
-- AUTO_INCREMENT de la tabla `cat_rol_usr`
--
ALTER TABLE `cat_rol_usr`
  MODIFY `id_rol_usr` int(1) NOT NULL AUTO_INCREMENT, AUTO_INCREMENT=3;
--
-- AUTO_INCREMENT de la tabla `cat_tematica`
--
ALTER TABLE `cat_tematica`
  MODIFY `id_tematica` int(11) NOT NULL AUTO_INCREMENT, AUTO_INCREMENT=7;
--
-- AUTO_INCREMENT de la tabla `dias_inhabiles`
--
ALTER TABLE `dias_inhabiles`
  MODIFY `id_inhabil` int(11) NOT NULL AUTO_INCREMENT;
--
-- AUTO_INCREMENT de la tabla `informe_detallado`
--
ALTER TABLE `informe_detallado`
  MODIFY `id_reg` int(11) NOT NULL AUTO_INCREMENT;
--
-- AUTO_INCREMENT de la tabla `sujeto_obligado`
--
ALTER TABLE `sujeto_obligado`
  MODIFY `id_so` int(11) NOT NULL AUTO_INCREMENT, AUTO_INCREMENT=53;COMMIT;

/*!40101 SET CHARACTER_SET_CLIENT=@OLD_CHARACTER_SET_CLIENT */;
/*!40101 SET CHARACTER_SET_RESULTS=@OLD_CHARACTER_SET_RESULTS */;
/*!40101 SET COLLATION_CONNECTION=@OLD_COLLATION_CONNECTION */;
