--data
-- phpMyAdmin SQL Dump
-- version 4.7.0
-- https://www.phpmyadmin.net/
--
-- Servidor: 127.0.0.1:33065
-- Tiempo de generación: 16-08-2020 a las 20:40:03
-- Versión del servidor: 10.1.26-MariaDB
-- Versión de PHP: 7.1.8

SET SQL_MODE = "NO_AUTO_VALUE_ON_ZERO";
SET AUTOCOMMIT = 0;
START TRANSACTION;
SET time_zone = "+00:00";


/*!40101 SET @OLD_CHARACTER_SET_CLIENT=@@CHARACTER_SET_CLIENT */;
/*!40101 SET @OLD_CHARACTER_SET_RESULTS=@@CHARACTER_SET_RESULTS */;
/*!40101 SET @OLD_COLLATION_CONNECTION=@@COLLATION_CONNECTION */;
/*!40101 SET NAMES utf8mb4 */;

--
-- Base de datos: `tablas_ap`
--

-- --------------------------------------------------------

--
-- Estructura de tabla para la tabla `acuse`
--

CREATE TABLE `acuse` (
  `id_acuse` int(4) NOT NULL,
  `id_so_ac` int(3) NOT NULL,
  `id_user` int(3) NOT NULL,
  `ejercicio_ac` int(4) NOT NULL,
  `oc_ap_ac` int(3) NOT NULL,
  `oc_na_ac` int(3) NOT NULL,
  `esp_ap_ac` int(3) NOT NULL,
  `esp_na_ac` int(3) NOT NULL,
  `fecha` date NOT NULL
) ENGINE=InnoDB DEFAULT CHARSET=utf8 COLLATE=utf8_spanish_ci;

-- --------------------------------------------------------

--
-- Estructura de tabla para la tabla `articulos`
--

CREATE TABLE `articulos` (
  `id_articulo` int(3) NOT NULL,
  `articulo` int(3) NOT NULL,
  `descrip_art` varchar(100) COLLATE utf8_spanish_ci NOT NULL
) ENGINE=InnoDB DEFAULT CHARSET=utf8 COLLATE=utf8_spanish_ci;

--
-- Volcado de datos para la tabla `articulos`
--

INSERT INTO `articulos` (`id_articulo`, `articulo`, `descrip_art`) VALUES
(1, 74, 'Obligaciones Comunes en materia de transparencia'),
(2, 75, 'Poder Ejecutivo del Estado de Campeche'),
(3, 76, 'Municipios'),
(4, 77, 'Poder Legislativo del Estado de Campeche'),
(5, 78, 'Poder Judicial del Estado de Campeche'),
(6, 79, 'Organismos Autónomos'),
(7, 80, 'Instituciones de Educación Superior dotadas de Autonomía'),
(8, 81, 'Partidos Políticos'),
(9, 82, 'Fideicomisos y Fondos Públicos'),
(10, 83, 'Autoridades administrativas y jurisdiccionales en materia laboral'),
(11, 84, 'Sindicatos'),
(12, 71, 'LGTAIP');

-- --------------------------------------------------------

--
-- Estructura de tabla para la tabla `ayuntamientos`
--

CREATE TABLE `ayuntamientos` (
  `id_ayuntamiento` int(2) NOT NULL,
  `nombre` varchar(20) COLLATE utf8_spanish_ci NOT NULL
) ENGINE=InnoDB DEFAULT CHARSET=utf8 COLLATE=utf8_spanish_ci;

--
-- Volcado de datos para la tabla `ayuntamientos`
--

INSERT INTO `ayuntamientos` (`id_ayuntamiento`, `nombre`) VALUES
(1, 'Calakmul'),
(2, 'Calkiní'),
(3, 'Campeche'),
(4, 'Candelaria'),
(5, 'Carmen'),
(6, 'Champotón'),
(7, 'Escárcega'),
(8, 'Hecelchakán'),
(9, 'Hopelchén'),
(10, 'Palizada'),
(11, 'Tenabo');

-- --------------------------------------------------------

--
-- Estructura de tabla para la tabla `categorias`
--

CREATE TABLE `categorias` (
  `id_categoria` int(2) NOT NULL,
  `id_art_cat` varchar(2) COLLATE utf8_spanish_ci NOT NULL,
  `descrip_categoria` varchar(100) CHARACTER SET utf32 COLLATE utf32_spanish_ci NOT NULL
) ENGINE=InnoDB DEFAULT CHARSET=utf8 COLLATE=utf8_spanish_ci;

--
-- Volcado de datos para la tabla `categorias`
--

INSERT INTO `categorias` (`id_categoria`, `id_art_cat`, `descrip_categoria`) VALUES
(0, '1', 'Administrador General'),
(1, '75', 'Poder Ejecutivo del Estado de Campeche'),
(2, '76', 'Municipios'),
(3, '77', 'Poder Legislativo del Estado de Campeche'),
(4, '78', 'Poder Judicial del Estado de Campeche'),
(5, '79', 'Organismos Autónomos'),
(6, '80', 'Instituciones de Educación Superior dotadas de Autonomía'),
(7, '81', 'Partidos Políticos'),
(8, '82', 'Fideicomisos y Fondos Públicos'),
(9, '83', 'Autoridades administrativas y jurisdiccionales en materia laboral'),
(10, '84', 'Sindicatos');

-- --------------------------------------------------------

--
-- Estructura de tabla para la tabla `ci_session`
--

CREATE TABLE `ci_session` (
  `id` varchar(128) CHARACTER SET latin1 NOT NULL,
  `ip_address` varchar(45) CHARACTER SET latin1 NOT NULL,
  `timestamp` int(10) UNSIGNED NOT NULL DEFAULT '0',
  `data` blob NOT NULL
) ENGINE=InnoDB DEFAULT CHARSET=utf8 COLLATE=utf8_spanish_ci;

--
-- Volcado de datos para la tabla `ci_session`
--

INSERT INTO `ci_session` (`id`, `ip_address`, `timestamp`, `data`) VALUES
('8b247fsu38uc1a3l53ub5b9j58ge5k3t', '::1', 1596560447, 0x5f5f63695f6c6173745f726567656e65726174657c693a313539363536303434373b6c6f67696e7c693a313b6e6976656c5f757365727c733a313a2232223b6e6f6d6272655f757365727c733a31333a2241646d696e6973747261646f72223b61705f707c733a373a2247656e6572616c223b61705f6d7c733a31313a2264656c2053697374656d61223b636f7272656f7c733a32353a227267616c6c6172646f40636f7461697065632e6f72672e6d78223b69645f6361745f757365727c733a313a2230223b69645f736f5f757365727c733a333a22313437223b69645f756269636163696f6e5f757365727c733a313a2233223b656a6572636963696f7c693a323032313b61637469766f7c733a313a2231223b),
('eq72ngsjh7l80rbqu22cf9d4tians20b', '::1', 1596560424, 0x5f5f63695f6c6173745f726567656e65726174657c693a313539363536303432343b6c6f67696e7c693a313b6e6976656c5f757365727c733a313a2231223b6e6f6d6272655f757365727c733a303a22223b61705f707c733a303a22223b61705f6d7c733a303a22223b636f7272656f7c733a303a22223b69645f6361745f757365727c733a313a2232223b69645f736f5f757365727c733a323a223835223b69645f756269636163696f6e5f757365727c733a313a2232223b656a6572636963696f7c693a323032313b61637469766f7c733a313a2231223b),
('mfo90002orof4ttoal5enekgnpjtuhj8', '::1', 1596560746, 0x5f5f63695f6c6173745f726567656e65726174657c693a313539363536303734363b6c6f67696e7c693a313b6e6976656c5f757365727c733a313a2231223b6e6f6d6272655f757365727c733a343a224d617279223b61705f707c733a343a224d617279223b61705f6d7c733a343a224d617279223b636f7272656f7c733a31333a226d617279406d6172792e636f6d223b69645f6361745f757365727c733a313a2233223b69645f736f5f757365727c733a323a223631223b69645f756269636163696f6e5f757365727c733a313a2233223b656a6572636963696f7c693a323032313b61637469766f7c733a313a2231223b),
('o5lm3cfrcpe807smt1q6tlfj5n4lh731', '::1', 1596560809, 0x5f5f63695f6c6173745f726567656e65726174657c693a313539363536303830393b6c6f67696e7c693a313b6e6976656c5f757365727c733a313a2232223b6e6f6d6272655f757365727c733a31333a2241646d696e6973747261646f72223b61705f707c733a373a2247656e6572616c223b61705f6d7c733a31313a2264656c2053697374656d61223b636f7272656f7c733a32353a227267616c6c6172646f40636f7461697065632e6f72672e6d78223b69645f6361745f757365727c733a313a2230223b69645f736f5f757365727c733a333a22313437223b69645f756269636163696f6e5f757365727c733a313a2233223b656a6572636963696f7c693a323032313b61637469766f7c733a313a2231223b),
('o0m3tfugeh865vpoebgaf6r6ukp42hqk', '::1', 1596561113, 0x5f5f63695f6c6173745f726567656e65726174657c693a313539363536313131333b6c6f67696e7c693a313b6e6976656c5f757365727c733a313a2231223b6e6f6d6272655f757365727c733a303a22223b61705f707c733a303a22223b61705f6d7c733a303a22223b636f7272656f7c733a303a22223b69645f6361745f757365727c733a313a2233223b69645f736f5f757365727c733a323a223630223b69645f756269636163696f6e5f757365727c733a313a2233223b656a6572636963696f7c693a323032313b61637469766f7c733a313a2231223b),
('krep492c9m2dkd165gkol21ti6olh517', '::1', 1596565401, 0x5f5f63695f6c6173745f726567656e65726174657c693a313539363536353430313b6c6f67696e7c693a313b6e6976656c5f757365727c733a313a2232223b6e6f6d6272655f757365727c733a31333a2241646d696e6973747261646f72223b61705f707c733a373a2247656e6572616c223b61705f6d7c733a31313a2264656c2053697374656d61223b636f7272656f7c733a32353a227267616c6c6172646f40636f7461697065632e6f72672e6d78223b69645f6361745f757365727c733a313a2230223b69645f736f5f757365727c733a333a22313437223b69645f756269636163696f6e5f757365727c733a313a2233223b656a6572636963696f7c693a323032313b61637469766f7c733a313a2231223b),
('7k87f7a6hme5dk518fo72abrq6tn3qpu', '::1', 1596565393, 0x5f5f63695f6c6173745f726567656e65726174657c693a313539363536353339333b6c6f67696e7c693a313b6e6976656c5f757365727c733a313a2231223b6e6f6d6272655f757365727c733a363a224a6f73656661223b61705f707c733a353a22506572657a223b61705f6d7c733a353a22507261646f223b636f7272656f7c733a31353a22707261646f40636f7272656f2e6d78223b69645f6361745f757365727c733a313a2234223b69645f736f5f757365727c733a323a223632223b69645f756269636163696f6e5f757365727c733a313a2233223b656a6572636963696f7c693a323032313b61637469766f7c733a313a2231223b),
('te55ucs7vovuhmb8n88co5e3ab82hoil', '::1', 1596566183, 0x5f5f63695f6c6173745f726567656e65726174657c693a313539363536363138333b6c6f67696e7c693a313b6e6976656c5f757365727c733a313a2231223b6e6f6d6272655f757365727c733a303a22223b61705f707c733a303a22223b61705f6d7c733a303a22223b636f7272656f7c733a303a22223b69645f6361745f757365727c733a313a2235223b69645f736f5f757365727c733a333a22313231223b69645f756269636163696f6e5f757365727c733a313a2233223b656a6572636963696f7c693a323032313b61637469766f7c733a313a2231223b),
('rtkgolfcobahnh1rviekhchcmn933d9c', '::1', 1596568857, 0x5f5f63695f6c6173745f726567656e65726174657c693a313539363536383835373b6c6f67696e7c693a313b6e6976656c5f757365727c733a313a2232223b6e6f6d6272655f757365727c733a31333a2241646d696e6973747261646f72223b61705f707c733a373a2247656e6572616c223b61705f6d7c733a31313a2264656c2053697374656d61223b636f7272656f7c733a32353a227267616c6c6172646f40636f7461697065632e6f72672e6d78223b69645f6361745f757365727c733a313a2230223b69645f736f5f757365727c733a333a22313437223b69645f756269636163696f6e5f757365727c733a313a2233223b656a6572636963696f7c693a323032313b61637469766f7c733a313a2231223b),
('p5c59gmko3uk6drnu2vd3hdm387id159', '::1', 1596567199, 0x5f5f63695f6c6173745f726567656e65726174657c693a313539363536373139393b6c6f67696e7c693a313b6e6976656c5f757365727c733a313a2231223b6e6f6d6272655f757365727c733a363a2250616c6f6d61223b61705f707c733a373a2247617263c3ad61223b61705f6d7c733a363a22506572657261223b636f7272656f7c733a31383a2270616c6f6d6140696e737463616d702e6f67223b69645f6361745f757365727c733a313a2236223b69645f736f5f757365727c733a333a22313333223b69645f756269636163696f6e5f757365727c733a313a2233223b656a6572636963696f7c693a323032313b61637469766f7c733a313a2231223b),
('2krqknm8ceggka2vrsrp4dkgbnplkg32', '::1', 1596567738, 0x5f5f63695f6c6173745f726567656e65726174657c693a313539363536373733383b6c6f67696e7c693a313b6e6976656c5f757365727c733a313a2231223b6e6f6d6272655f757365727c733a343a224a75616e223b61705f707c733a363a2250c3a972657a223b61705f6d7c733a353a22507261646f223b636f7272656f7c733a31373a22636f7272656f40636f7272656f2e636f6d223b69645f6361745f757365727c733a313a2237223b69645f736f5f757365727c733a333a22313232223b69645f756269636163696f6e5f757365727c733a313a2233223b656a6572636963696f7c693a323032313b61637469766f7c733a313a2231223b),
('1qht7pnb70j4n3kkqhfdme7o6lf9ius2', '::1', 1596568128, 0x5f5f63695f6c6173745f726567656e65726174657c693a313539363536383132383b6c6f67696e7c693a313b6e6976656c5f757365727c733a313a2231223b6e6f6d6272655f757365727c733a383a225573756172696f20223b61705f707c733a333a224e6f20223b61705f6d7c733a31323a224964656e746966696361646f223b636f7272656f7c733a31373a22636f7272656f40636f7272656f2e676f62223b69645f6361745f757365727c733a313a2238223b69645f736f5f757365727c733a333a22313330223b69645f756269636163696f6e5f757365727c733a313a2233223b656a6572636963696f7c693a323032313b61637469766f7c733a313a2231223b),
('lqpuqlmttr8gmsiuos7ud454cni64n4u', '::1', 1596568438, 0x5f5f63695f6c6173745f726567656e65726174657c693a313539363536383433383b6c6f67696e7c693a313b6e6976656c5f757365727c733a313a2231223b6e6f6d6272655f757365727c733a343a224a75616e223b61705f707c733a363a22506176c3b36e223b61705f6d7c733a363a22506176c3b36e223b636f7272656f7c733a31363a226a7061766f6e40636f7272656f2e6d78223b69645f6361745f757365727c733a313a2239223b69645f736f5f757365727c733a333a22313332223b69645f756269636163696f6e5f757365727c733a313a2233223b656a6572636963696f7c693a323032313b61637469766f7c733a313a2231223b),
('e0or5918tt4jghjpk8n4ea6vjmi8khqi', '::1', 1596568485, 0x5f5f63695f6c6173745f726567656e65726174657c693a313539363536383433383b6c6f67696e7c693a313b6e6976656c5f757365727c733a313a2231223b6e6f6d6272655f757365727c733a353a224a75616e20223b61705f707c733a353a22706572657a223b61705f6d7c733a353a22707261646f223b636f7272656f7c733a31373a22636f7272656f40636f7272656f2e636f6d223b69645f6361745f757365727c733a323a223130223b69645f736f5f757365727c733a333a22313336223b69645f756269636163696f6e5f757365727c733a313a2233223b656a6572636963696f7c693a323032313b61637469766f7c733a313a2231223b),
('vbd4ulrfkj7eg5k2mpve97og6ur2pllt', '::1', 1596569655, 0x5f5f63695f6c6173745f726567656e65726174657c693a313539363536393635353b6c6f67696e7c693a313b6e6976656c5f757365727c733a313a2232223b6e6f6d6272655f757365727c733a31333a2241646d696e6973747261646f72223b61705f707c733a373a2247656e6572616c223b61705f6d7c733a31313a2264656c2053697374656d61223b636f7272656f7c733a32353a227267616c6c6172646f40636f7461697065632e6f72672e6d78223b69645f6361745f757365727c733a313a2230223b69645f736f5f757365727c733a333a22313437223b69645f756269636163696f6e5f757365727c733a313a2233223b656a6572636963696f7c693a323032313b61637469766f7c733a313a2231223b),
('5abtu5rpp1ln6bd5eapoab6dmams23sp', '::1', 1596580518, 0x5f5f63695f6c6173745f726567656e65726174657c693a313539363538303531383b6c6f67696e7c693a313b6e6976656c5f757365727c733a313a2232223b6e6f6d6272655f757365727c733a31333a2241646d696e6973747261646f72223b61705f707c733a373a2247656e6572616c223b61705f6d7c733a31313a2264656c2053697374656d61223b636f7272656f7c733a32353a227267616c6c6172646f40636f7461697065632e6f72672e6d78223b69645f6361745f757365727c733a313a2230223b69645f736f5f757365727c733a333a22313437223b69645f756269636163696f6e5f757365727c733a313a2233223b656a6572636963696f7c693a323032313b61637469766f7c733a313a2231223b),
('nca3nvnm11e11dumov72vja7vslqn8nn', '::1', 1596580923, 0x5f5f63695f6c6173745f726567656e65726174657c693a313539363538303932333b6c6f67696e7c693a313b6e6976656c5f757365727c733a313a2232223b6e6f6d6272655f757365727c733a31333a2241646d696e6973747261646f72223b61705f707c733a373a2247656e6572616c223b61705f6d7c733a31313a2264656c2053697374656d61223b636f7272656f7c733a32353a227267616c6c6172646f40636f7461697065632e6f72672e6d78223b69645f6361745f757365727c733a313a2230223b69645f736f5f757365727c733a333a22313437223b69645f756269636163696f6e5f757365727c733a313a2233223b656a6572636963696f7c693a323032313b61637469766f7c733a313a2231223b),
('lr627qiung85s2vb6l3n94feinp7oggs', '::1', 1596581238, 0x5f5f63695f6c6173745f726567656e65726174657c693a313539363538303932333b6c6f67696e7c693a313b6e6976656c5f757365727c733a313a2232223b6e6f6d6272655f757365727c733a31333a2241646d696e6973747261646f72223b61705f707c733a373a2247656e6572616c223b61705f6d7c733a31313a2264656c2053697374656d61223b636f7272656f7c733a32353a227267616c6c6172646f40636f7461697065632e6f72672e6d78223b69645f6361745f757365727c733a313a2230223b69645f736f5f757365727c733a333a22313437223b69645f756269636163696f6e5f757365727c733a313a2233223b656a6572636963696f7c693a323032313b61637469766f7c733a313a2231223b),
('p45n3bti4gle32d4b5oqg0ujur1rcdq9', '::1', 1596593177, 0x5f5f63695f6c6173745f726567656e65726174657c693a313539363539333137373b6c6f67696e7c693a313b6e6976656c5f757365727c733a313a2231223b6e6f6d6272655f757365727c733a343a224a656e79223b61705f707c733a313a2258223b61705f6d7c733a313a2258223b636f7272656f7c733a31323a224a454e59405656562e434f4d223b69645f6361745f757365727c733a313a2235223b69645f736f5f757365727c733a333a22313137223b69645f756269636163696f6e5f757365727c733a313a2233223b656a6572636963696f7c693a323032313b61637469766f7c733a313a2231223b),
('bpbr3ctio5qsnt87kmgv2ufccvqg4358', '::1', 1596593614, 0x5f5f63695f6c6173745f726567656e65726174657c693a313539363539333631343b6c6f67696e7c693a313b6e6976656c5f757365727c733a313a2231223b6e6f6d6272655f757365727c733a343a224a656e79223b61705f707c733a313a2258223b61705f6d7c733a313a2258223b636f7272656f7c733a31323a224a454e59405656562e434f4d223b69645f6361745f757365727c733a313a2235223b69645f736f5f757365727c733a333a22313137223b69645f756269636163696f6e5f757365727c733a313a2233223b656a6572636963696f7c693a323032313b61637469766f7c733a313a2231223b),
('moqf6ouad62j7apd16jg8bmd8u6dvvib', '::1', 1596593616, 0x5f5f63695f6c6173745f726567656e65726174657c693a313539363539333631343b6c6f67696e7c693a313b6e6976656c5f757365727c733a313a2231223b6e6f6d6272655f757365727c733a343a224a656e79223b61705f707c733a313a2258223b61705f6d7c733a313a2258223b636f7272656f7c733a31323a224a454e59405656562e434f4d223b69645f6361745f757365727c733a313a2235223b69645f736f5f757365727c733a333a22313137223b69645f756269636163696f6e5f757365727c733a313a2233223b656a6572636963696f7c693a323032313b61637469766f7c733a313a2231223b),
('ovp6hivd42u774624nr6dp8j96ss349l', '::1', 1596645764, 0x5f5f63695f6c6173745f726567656e65726174657c693a313539363634353736343b6c6f67696e7c693a313b6e6976656c5f757365727c733a313a2231223b6e6f6d6272655f757365727c733a31343a225269636172646f204d616e75656c223b61705f707c733a333a22436869223b61705f6d7c733a383a2247616c6c6172646f223b636f7272656f7c733a32353a227267616c6c6172646f40636f7461697065632e6f72672e6d78223b69645f6361745f757365727c733a313a2231223b69645f736f5f757365727c733a323a223135223b69645f756269636163696f6e5f757365727c733a313a2233223b656a6572636963696f7c693a323032313b61637469766f7c733a313a2231223b),
('fthki7dim4ut2ui1snhgcqsc6dvra0o0', '::1', 1596648225, 0x5f5f63695f6c6173745f726567656e65726174657c693a313539363634383232353b6c6f67696e7c693a313b6e6976656c5f757365727c733a313a2231223b6e6f6d6272655f757365727c733a31343a225269636172646f204d616e75656c223b61705f707c733a333a22436869223b61705f6d7c733a383a2247616c6c6172646f223b636f7272656f7c733a32353a227267616c6c6172646f40636f7461697065632e6f72672e6d78223b69645f6361745f757365727c733a313a2231223b69645f736f5f757365727c733a323a223135223b69645f756269636163696f6e5f757365727c733a313a2233223b656a6572636963696f7c693a323032313b61637469766f7c733a313a2231223b),
('57n3pqo4vhhmdes692mklsqnobnfbuif', '::1', 1596649094, 0x5f5f63695f6c6173745f726567656e65726174657c693a313539363634393039343b6c6f67696e7c693a313b6e6976656c5f757365727c733a313a2231223b6e6f6d6272655f757365727c733a31343a225269636172646f204d616e75656c223b61705f707c733a333a22436869223b61705f6d7c733a383a2247616c6c6172646f223b636f7272656f7c733a32353a227267616c6c6172646f40636f7461697065632e6f72672e6d78223b69645f6361745f757365727c733a313a2231223b69645f736f5f757365727c733a323a223135223b69645f756269636163696f6e5f757365727c733a313a2233223b656a6572636963696f7c693a323032313b61637469766f7c733a313a2231223b),
('87aiqnsi829cmsedbq8jm87qs4loludr', '::1', 1596649773, 0x5f5f63695f6c6173745f726567656e65726174657c693a313539363634393737333b6c6f67696e7c693a313b6e6976656c5f757365727c733a313a2231223b6e6f6d6272655f757365727c733a31343a225269636172646f204d616e75656c223b61705f707c733a333a22436869223b61705f6d7c733a383a2247616c6c6172646f223b636f7272656f7c733a32353a227267616c6c6172646f40636f7461697065632e6f72672e6d78223b69645f6361745f757365727c733a313a2231223b69645f736f5f757365727c733a323a223135223b69645f756269636163696f6e5f757365727c733a313a2233223b656a6572636963696f7c693a323032313b61637469766f7c733a313a2231223b),
('77eq80eg65bv730nubtmk6iqqjl3dc86', '::1', 1596650429, 0x5f5f63695f6c6173745f726567656e65726174657c693a313539363635303432393b6c6f67696e7c693a313b6e6976656c5f757365727c733a313a2231223b6e6f6d6272655f757365727c733a383a224d617263656c6c61223b61705f707c733a383a22436f757070656e73223b61705f6d7c733a343a2243686162223b636f7272656f7c733a31383a226d636f757065636e40676d61696c2e636f6d223b69645f6361745f757365727c733a313a2231223b69645f736f5f757365727c733a313a2238223b69645f756269636163696f6e5f757365727c733a313a2233223b656a6572636963696f7c693a323032313b61637469766f7c733a313a2231223b),
('d1phcc55esdlassenldnh6ahf67ui0es', '::1', 1596650415, 0x5f5f63695f6c6173745f726567656e65726174657c693a313539363635303331313b6c6f67696e7c693a313b6e6976656c5f757365727c733a313a2232223b6e6f6d6272655f757365727c733a31333a2241646d696e6973747261646f72223b61705f707c733a373a2247656e6572616c223b61705f6d7c733a31313a2264656c2053697374656d61223b636f7272656f7c733a32353a227267616c6c6172646f40636f7461697065632e6f72672e6d78223b69645f6361745f757365727c733a313a2230223b69645f736f5f757365727c733a333a22313437223b69645f756269636163696f6e5f757365727c733a313a2233223b656a6572636963696f7c693a323032313b61637469766f7c733a313a2231223b),
('8v3t36eqi7sb77du9ibf6q86q3q8lm4d', '::1', 1596650894, 0x5f5f63695f6c6173745f726567656e65726174657c693a313539363635303839343b6c6f67696e7c693a313b6e6976656c5f757365727c733a313a2231223b6e6f6d6272655f757365727c733a343a2275736572223b61705f707c733a343a2275736572223b61705f6d7c733a343a2275736572223b636f7272656f7c733a31333a227573657240757365722e636f6d223b69645f6361745f757365727c733a313a2232223b69645f736f5f757365727c733a323a223633223b69645f756269636163696f6e5f757365727c733a313a2233223b656a6572636963696f7c693a323032313b61637469766f7c733a313a2231223b),
('qrg4qrvp4ql7orb8uidaqituu44le6n1', '::1', 1596653041, 0x5f5f63695f6c6173745f726567656e65726174657c693a313539363635333034313b6c6f67696e7c693a313b6e6976656c5f757365727c733a313a2231223b6e6f6d6272655f757365727c733a31343a225269636172646f204d616e75656c223b61705f707c733a333a22436869223b61705f6d7c733a383a2247616c6c6172646f223b636f7272656f7c733a32353a227267616c6c6172646f40636f7461697065632e6f72672e6d78223b69645f6361745f757365727c733a313a2231223b69645f736f5f757365727c733a323a223135223b69645f756269636163696f6e5f757365727c733a313a2233223b656a6572636963696f7c693a323032313b61637469766f7c733a313a2231223b),
('rovb4avvl48n919n3jc84ph0f4961n32', '::1', 1596653089, 0x5f5f63695f6c6173745f726567656e65726174657c693a313539363635333034313b6c6f67696e7c693a313b6e6976656c5f757365727c733a313a2231223b6e6f6d6272655f757365727c733a31343a225269636172646f204d616e75656c223b61705f707c733a333a22436869223b61705f6d7c733a383a2247616c6c6172646f223b636f7272656f7c733a32353a227267616c6c6172646f40636f7461697065632e6f72672e6d78223b69645f6361745f757365727c733a313a2231223b69645f736f5f757365727c733a323a223135223b69645f756269636163696f6e5f757365727c733a313a2233223b656a6572636963696f7c693a323032313b61637469766f7c733a313a2231223b),
('tk96t30h61lm2mtrt3l31069hd6ar1ni', '::1', 1596731731, 0x5f5f63695f6c6173745f726567656e65726174657c693a313539363733313733313b6c6f67696e7c693a313b6e6976656c5f757365727c733a313a2232223b6e6f6d6272655f757365727c733a31333a2241646d696e6973747261646f72223b61705f707c733a373a2247656e6572616c223b61705f6d7c733a31313a2264656c2053697374656d61223b636f7272656f7c733a32353a227267616c6c6172646f40636f7461697065632e6f72672e6d78223b69645f6361745f757365727c733a313a2230223b69645f736f5f757365727c733a333a22313437223b69645f756269636163696f6e5f757365727c733a313a2233223b656a6572636963696f7c693a323032313b61637469766f7c733a313a2231223b),
('mgbtfmrtljm82fshqgjd48bks58d3agi', '::1', 1596732063, 0x5f5f63695f6c6173745f726567656e65726174657c693a313539363733323036333b6c6f67696e7c693a313b6e6976656c5f757365727c733a313a2231223b6e6f6d6272655f757365727c733a343a2275736572223b61705f707c733a343a2275736572223b61705f6d7c733a343a2275736572223b636f7272656f7c733a31333a227573657240757365722e636f6d223b69645f6361745f757365727c733a313a2232223b69645f736f5f757365727c733a323a223633223b69645f756269636163696f6e5f757365727c733a313a2233223b656a6572636963696f7c693a323032313b61637469766f7c733a313a2231223b),
('k5vn12lmf1gujisbnrdf5f5tllhibsrb', '::1', 1596733264, 0x5f5f63695f6c6173745f726567656e65726174657c693a313539363733333236343b6c6f67696e7c693a313b6e6976656c5f757365727c733a313a2231223b6e6f6d6272655f757365727c733a343a2275736572223b61705f707c733a343a2275736572223b61705f6d7c733a343a2275736572223b636f7272656f7c733a31333a227573657240757365722e636f6d223b69645f6361745f757365727c733a313a2232223b69645f736f5f757365727c733a323a223633223b69645f756269636163696f6e5f757365727c733a313a2233223b656a6572636963696f7c693a323032313b61637469766f7c733a313a2231223b),
('erg1kis7n28pih8q9ldb2nm40oc6le98', '::1', 1596733739, 0x5f5f63695f6c6173745f726567656e65726174657c693a313539363733333733393b6c6f67696e7c693a313b6e6976656c5f757365727c733a313a2231223b6e6f6d6272655f757365727c733a343a2275736572223b61705f707c733a343a2275736572223b61705f6d7c733a343a2275736572223b636f7272656f7c733a31333a227573657240757365722e636f6d223b69645f6361745f757365727c733a313a2232223b69645f736f5f757365727c733a323a223633223b69645f756269636163696f6e5f757365727c733a313a2233223b656a6572636963696f7c693a323032313b61637469766f7c733a313a2231223b),
('clk01k9d3n6araqh9aknrri4gbk69uid', '::1', 1596734051, 0x5f5f63695f6c6173745f726567656e65726174657c693a313539363733343035313b6c6f67696e7c693a313b6e6976656c5f757365727c733a313a2231223b6e6f6d6272655f757365727c733a343a2275736572223b61705f707c733a343a2275736572223b61705f6d7c733a343a2275736572223b636f7272656f7c733a31333a227573657240757365722e636f6d223b69645f6361745f757365727c733a313a2232223b69645f736f5f757365727c733a323a223633223b69645f756269636163696f6e5f757365727c733a313a2233223b656a6572636963696f7c693a323032313b61637469766f7c733a313a2231223b),
('2k6ucmhntc9slb131a91dqqv355e7uh0', '::1', 1596738744, 0x5f5f63695f6c6173745f726567656e65726174657c693a313539363733383734343b6c6f67696e7c693a313b6e6976656c5f757365727c733a313a2231223b6e6f6d6272655f757365727c733a31343a225269636172646f204d616e75656c223b61705f707c733a333a22436869223b61705f6d7c733a383a2247616c6c6172646f223b636f7272656f7c733a32353a227267616c6c6172646f40636f7461697065632e6f72672e6d78223b69645f6361745f757365727c733a313a2231223b69645f736f5f757365727c733a323a223135223b69645f756269636163696f6e5f757365727c733a313a2233223b656a6572636963696f7c693a323032313b61637469766f7c733a313a2231223b),
('p5qf4b5qrho7q2pi7oaik00lsj4pidas', '::1', 1596741254, 0x5f5f63695f6c6173745f726567656e65726174657c693a313539363734313235343b6c6f67696e7c693a313b6e6976656c5f757365727c733a313a2231223b6e6f6d6272655f757365727c733a363a224d6172746861223b61705f707c733a373a2245737472616461223b61705f6d7c733a363a22506572657261223b636f7272656f7c733a32313a226d6172746140636f64656863616d2e6f72672e6d78223b69645f6361745f757365727c733a313a2235223b69645f736f5f757365727c733a333a22313136223b69645f756269636163696f6e5f757365727c733a313a2233223b656a6572636963696f7c693a323032313b61637469766f7c733a313a2231223b),
('vfssuunu9ol01tq5bqej7du809uvaj76', '::1', 1596742386, 0x5f5f63695f6c6173745f726567656e65726174657c693a313539363734323338363b6c6f67696e7c693a313b6e6976656c5f757365727c733a313a2231223b6e6f6d6272655f757365727c733a373a2261736466616473223b61705f707c733a373a2261736466616473223b61705f6d7c733a393a22666164736661647366223b636f7272656f7c733a31383a2261736466617364666140676f676f2e636f6d223b69645f6361745f757365727c733a313a2233223b69645f736f5f757365727c733a323a223630223b69645f756269636163696f6e5f757365727c733a313a2233223b656a6572636963696f7c693a323032313b61637469766f7c733a313a2231223b),
('gjp1jjlqb8ofjcc16vktomi0bkvemavs', '::1', 1596742736, 0x5f5f63695f6c6173745f726567656e65726174657c693a313539363734323733363b6c6f67696e7c693a313b6e6976656c5f757365727c733a313a2231223b6e6f6d6272655f757365727c733a343a224a656e79223b61705f707c733a313a2258223b61705f6d7c733a313a2258223b636f7272656f7c733a31323a224a454e59405656562e434f4d223b69645f6361745f757365727c733a313a2235223b69645f736f5f757365727c733a333a22313137223b69645f756269636163696f6e5f757365727c733a313a2233223b656a6572636963696f7c693a323032313b61637469766f7c733a313a2231223b),
('2l3nj9agf4g1aik1cv10ola8hj0dn6dp', '::1', 1596743037, 0x5f5f63695f6c6173745f726567656e65726174657c693a313539363734333033373b6c6f67696e7c693a313b6e6976656c5f757365727c733a313a2231223b6e6f6d6272655f757365727c733a343a224a656e79223b61705f707c733a313a2258223b61705f6d7c733a313a2258223b636f7272656f7c733a31323a224a454e59405656562e434f4d223b69645f6361745f757365727c733a313a2235223b69645f736f5f757365727c733a333a22313137223b69645f756269636163696f6e5f757365727c733a313a2233223b656a6572636963696f7c693a323032313b61637469766f7c733a313a2231223b),
('88sg1p1jeep8fl4hsokf4pq3cui426jm', '::1', 1596745181, 0x5f5f63695f6c6173745f726567656e65726174657c693a313539363734353138313b6c6f67696e7c693a313b6e6976656c5f757365727c733a313a2231223b6e6f6d6272655f757365727c733a343a224a656e79223b61705f707c733a313a2258223b61705f6d7c733a313a2258223b636f7272656f7c733a31323a224a454e59405656562e434f4d223b69645f6361745f757365727c733a313a2235223b69645f736f5f757365727c733a333a22313137223b69645f756269636163696f6e5f757365727c733a313a2233223b656a6572636963696f7c693a323032313b61637469766f7c733a313a2231223b),
('3siac3epvf1fe8fimhul74t53dmnc9uu', '::1', 1596745718, 0x5f5f63695f6c6173745f726567656e65726174657c693a313539363734353731383b6c6f67696e7c693a313b6e6976656c5f757365727c733a313a2231223b6e6f6d6272655f757365727c733a343a224a656e79223b61705f707c733a313a2258223b61705f6d7c733a313a2258223b636f7272656f7c733a31323a224a454e59405656562e434f4d223b69645f6361745f757365727c733a313a2235223b69645f736f5f757365727c733a333a22313137223b69645f756269636163696f6e5f757365727c733a313a2233223b656a6572636963696f7c693a323032313b61637469766f7c733a313a2231223b),
('5k0ic0c5khs6li47v79lf3q3th4v4uhi', '::1', 1596746256, 0x5f5f63695f6c6173745f726567656e65726174657c693a313539363734363231363b6c6f67696e7c693a313b6e6976656c5f757365727c733a313a2231223b6e6f6d6272655f757365727c733a363a224d6172746861223b61705f707c733a373a2245737472616461223b61705f6d7c733a363a22506572657261223b636f7272656f7c733a32313a226d6172746140636f64656863616d2e6f72672e6d78223b69645f6361745f757365727c733a313a2235223b69645f736f5f757365727c733a333a22313136223b69645f756269636163696f6e5f757365727c733a313a2233223b656a6572636963696f7c693a323032313b61637469766f7c733a313a2231223b),
('j7164uacqr458kbbbml60er9oilojesk', '::1', 1596758529, 0x5f5f63695f6c6173745f726567656e65726174657c693a313539363735383532393b6c6f67696e7c693a313b6e6976656c5f757365727c733a313a2231223b6e6f6d6272655f757365727c733a383a225573657220417069223b61705f707c733a383a225573657220417069223b61705f6d7c733a383a225573657220417069223b636f7272656f7c733a31343a2261706940636f7272656f2e636f6d223b69645f6361745f757365727c733a313a2231223b69645f736f5f757365727c733a313a2231223b69645f756269636163696f6e5f757365727c733a313a2233223b656a6572636963696f7c693a323032313b61637469766f7c733a313a2231223b),
('d9pg051fcp0q5vla80hv7q88itfevlsm', '::1', 1596758855, 0x5f5f63695f6c6173745f726567656e65726174657c693a313539363735383835353b6c6f67696e7c693a313b6e6976656c5f757365727c733a313a2231223b6e6f6d6272655f757365727c733a383a225573657220417069223b61705f707c733a383a225573657220417069223b61705f6d7c733a383a225573657220417069223b636f7272656f7c733a31343a2261706940636f7272656f2e636f6d223b69645f6361745f757365727c733a313a2231223b69645f736f5f757365727c733a313a2231223b69645f756269636163696f6e5f757365727c733a313a2233223b656a6572636963696f7c693a323032313b61637469766f7c733a313a2231223b),
('4gj5b421uka8g7rv8vommfoflqd3uigb', '::1', 1596759671, 0x5f5f63695f6c6173745f726567656e65726174657c693a313539363735393637313b6c6f67696e7c693a313b6e6976656c5f757365727c733a313a2231223b6e6f6d6272655f757365727c733a383a225573657220417069223b61705f707c733a383a225573657220417069223b61705f6d7c733a383a225573657220417069223b636f7272656f7c733a31343a2261706940636f7272656f2e636f6d223b69645f6361745f757365727c733a313a2231223b69645f736f5f757365727c733a313a2231223b69645f756269636163696f6e5f757365727c733a313a2233223b656a6572636963696f7c693a323032313b61637469766f7c733a313a2231223b),
('v01br5t95fb2kaguopbkbhifp4vb4np4', '::1', 1596759984, 0x5f5f63695f6c6173745f726567656e65726174657c693a313539363735393938343b6c6f67696e7c693a313b6e6976656c5f757365727c733a313a2231223b6e6f6d6272655f757365727c733a343a224a656e79223b61705f707c733a313a2258223b61705f6d7c733a313a2258223b636f7272656f7c733a31323a224a454e59405656562e434f4d223b69645f6361745f757365727c733a313a2235223b69645f736f5f757365727c733a333a22313137223b69645f756269636163696f6e5f757365727c733a313a2233223b656a6572636963696f7c693a323032313b61637469766f7c733a313a2231223b),
('a91gl7bu4lt970lp5farr7c395c3vllg', '::1', 1596760349, 0x5f5f63695f6c6173745f726567656e65726174657c693a313539363736303334393b6c6f67696e7c693a313b6e6976656c5f757365727c733a313a2231223b6e6f6d6272655f757365727c733a31363a224c69632e204a6f72676520506564726f223b61705f707c733a31313a224865726ec3a16e64657a20223b61705f6d7c733a373a2245737472616461223b636f7272656f7c733a32333a2268657264616e64657a40636f7272656f2e636f6d2e6d78223b69645f6361745f757365727c733a313a2232223b69645f736f5f757365727c733a333a22313133223b69645f756269636163696f6e5f757365727c733a313a2231223b656a6572636963696f7c693a323032313b61637469766f7c733a313a2231223b),
('vvjra5dfsr6alm6k4orhaocbvb09t6uj', '::1', 1596761113, 0x5f5f63695f6c6173745f726567656e65726174657c693a313539363736313131333b6c6f67696e7c693a313b6e6976656c5f757365727c733a313a2231223b6e6f6d6272655f757365727c733a343a224a656e79223b61705f707c733a313a2258223b61705f6d7c733a313a2258223b636f7272656f7c733a31323a224a454e59405656562e434f4d223b69645f6361745f757365727c733a313a2235223b69645f736f5f757365727c733a333a22313137223b69645f756269636163696f6e5f757365727c733a313a2233223b656a6572636963696f7c693a323032313b61637469766f7c733a313a2231223b),
('3hnsqcap3r0ha417ph57klf6q4p0fh0t', '::1', 1596761434, 0x5f5f63695f6c6173745f726567656e65726174657c693a313539363736313433343b6c6f67696e7c693a313b6e6976656c5f757365727c733a313a2231223b6e6f6d6272655f757365727c733a343a224a656e79223b61705f707c733a313a2258223b61705f6d7c733a313a2258223b636f7272656f7c733a31323a224a454e59405656562e434f4d223b69645f6361745f757365727c733a313a2235223b69645f736f5f757365727c733a333a22313137223b69645f756269636163696f6e5f757365727c733a313a2233223b656a6572636963696f7c693a323032313b61637469766f7c733a313a2231223b),
('u168956r5na4dc6k1j1oel8hi5ujtvl2', '::1', 1596762349, 0x5f5f63695f6c6173745f726567656e65726174657c693a313539363736323334393b6c6f67696e7c693a313b6e6976656c5f757365727c733a313a2231223b6e6f6d6272655f757365727c733a373a2261736466616473223b61705f707c733a373a2261736466616473223b61705f6d7c733a393a22666164736661647366223b636f7272656f7c733a31383a2261736466617364666140676f676f2e636f6d223b69645f6361745f757365727c733a313a2233223b69645f736f5f757365727c733a323a223630223b69645f756269636163696f6e5f757365727c733a313a2233223b656a6572636963696f7c693a323032313b61637469766f7c733a313a2231223b),
('n54ccpaok153oerieiit5i8khcf61rqm', '::1', 1596762732, 0x5f5f63695f6c6173745f726567656e65726174657c693a313539363736323733323b6c6f67696e7c693a313b6e6976656c5f757365727c733a313a2231223b6e6f6d6272655f757365727c733a373a2261736466616473223b61705f707c733a373a2261736466616473223b61705f6d7c733a393a22666164736661647366223b636f7272656f7c733a31383a2261736466617364666140676f676f2e636f6d223b69645f6361745f757365727c733a313a2233223b69645f736f5f757365727c733a323a223630223b69645f756269636163696f6e5f757365727c733a313a2233223b656a6572636963696f7c693a323032313b61637469766f7c733a313a2231223b),
('dkss2fu0fsnf4felnvslb58cio2s70iq', '::1', 1596763045, 0x5f5f63695f6c6173745f726567656e65726174657c693a313539363736333034353b6c6f67696e7c693a313b6e6976656c5f757365727c733a313a2231223b6e6f6d6272655f757365727c733a373a2261736466616473223b61705f707c733a373a2261736466616473223b61705f6d7c733a393a22666164736661647366223b636f7272656f7c733a31383a2261736466617364666140676f676f2e636f6d223b69645f6361745f757365727c733a313a2233223b69645f736f5f757365727c733a323a223630223b69645f756269636163696f6e5f757365727c733a313a2233223b656a6572636963696f7c693a323032313b61637469766f7c733a313a2231223b),
('ek98fh2g4lfg8icf6r02r8pjsaka0d2b', '::1', 1596763888, 0x5f5f63695f6c6173745f726567656e65726174657c693a313539363736333838383b6c6f67696e7c693a313b6e6976656c5f757365727c733a313a2231223b6e6f6d6272655f757365727c733a373a2261736466616473223b61705f707c733a373a2261736466616473223b61705f6d7c733a393a22666164736661647366223b636f7272656f7c733a31383a2261736466617364666140676f676f2e636f6d223b69645f6361745f757365727c733a313a2233223b69645f736f5f757365727c733a323a223630223b69645f756269636163696f6e5f757365727c733a313a2233223b656a6572636963696f7c693a323032313b61637469766f7c733a313a2231223b),
('v3di3kmti307oklv629no4k86vsfbmjt', '::1', 1596764236, 0x5f5f63695f6c6173745f726567656e65726174657c693a313539363736343233363b6c6f67696e7c693a313b6e6976656c5f757365727c733a313a2231223b6e6f6d6272655f757365727c733a373a2261736466616473223b61705f707c733a373a2261736466616473223b61705f6d7c733a393a22666164736661647366223b636f7272656f7c733a31383a2261736466617364666140676f676f2e636f6d223b69645f6361745f757365727c733a313a2233223b69645f736f5f757365727c733a323a223630223b69645f756269636163696f6e5f757365727c733a313a2233223b656a6572636963696f7c693a323032313b61637469766f7c733a313a2231223b),
('gkppn7ppcpbd00td9mpdralnkv6ljnmp', '::1', 1596764572, 0x5f5f63695f6c6173745f726567656e65726174657c693a313539363736343537323b6c6f67696e7c693a313b6e6976656c5f757365727c733a313a2231223b6e6f6d6272655f757365727c733a373a2261736466616473223b61705f707c733a373a2261736466616473223b61705f6d7c733a393a22666164736661647366223b636f7272656f7c733a31383a2261736466617364666140676f676f2e636f6d223b69645f6361745f757365727c733a313a2233223b69645f736f5f757365727c733a323a223630223b69645f756269636163696f6e5f757365727c733a313a2233223b656a6572636963696f7c693a323032313b61637469766f7c733a313a2231223b),
('6bc5dgv4457q2ii4q8kqinb8u3rirvda', '::1', 1596765215, 0x5f5f63695f6c6173745f726567656e65726174657c693a313539363736353231353b6c6f67696e7c693a313b6e6976656c5f757365727c733a313a2231223b6e6f6d6272655f757365727c733a31343a225269636172646f204d616e75656c223b61705f707c733a333a22436869223b61705f6d7c733a383a2247616c6c6172646f223b636f7272656f7c733a32353a227267616c6c6172646f40636f7461697065632e6f72672e6d78223b69645f6361745f757365727c733a313a2231223b69645f736f5f757365727c733a323a223135223b69645f756269636163696f6e5f757365727c733a313a2233223b656a6572636963696f7c693a323032313b61637469766f7c733a313a2231223b),
('opmoqb4cunte0sqir17ooe0qbd5vu2jh', '::1', 1596765868, 0x5f5f63695f6c6173745f726567656e65726174657c693a313539363736353734323b6c6f67696e7c693a313b6e6976656c5f757365727c733a313a2231223b6e6f6d6272655f757365727c733a373a2261736466616473223b61705f707c733a373a2261736466616473223b61705f6d7c733a393a22666164736661647366223b636f7272656f7c733a31383a2261736466617364666140676f676f2e636f6d223b69645f6361745f757365727c733a313a2233223b69645f736f5f757365727c733a323a223630223b69645f756269636163696f6e5f757365727c733a313a2233223b656a6572636963696f7c693a323032313b61637469766f7c733a313a2231223b),
('059ujl7mofmqfeitjoo69gfnofneak29', '::1', 1596818188, 0x5f5f63695f6c6173745f726567656e65726174657c693a313539363831383138383b6c6f67696e7c693a313b6e6976656c5f757365727c733a313a2231223b6e6f6d6272655f757365727c733a383a225573657220417069223b61705f707c733a383a225573657220417069223b61705f6d7c733a383a225573657220417069223b636f7272656f7c733a31343a2261706940636f7272656f2e636f6d223b69645f6361745f757365727c733a313a2231223b69645f736f5f757365727c733a313a2231223b69645f756269636163696f6e5f757365727c733a313a2233223b656a6572636963696f7c693a323032313b61637469766f7c733a313a2231223b),
('c8nnge5c5edruvt6h2u9qar8ubvk1gtj', '::1', 1596822628, 0x5f5f63695f6c6173745f726567656e65726174657c693a313539363832323632383b6c6f67696e7c693a313b6e6976656c5f757365727c733a313a2231223b6e6f6d6272655f757365727c733a383a225573657220417069223b61705f707c733a383a225573657220417069223b61705f6d7c733a383a225573657220417069223b636f7272656f7c733a31343a2261706940636f7272656f2e636f6d223b69645f6361745f757365727c733a313a2231223b69645f736f5f757365727c733a313a2231223b69645f756269636163696f6e5f757365727c733a313a2233223b656a6572636963696f7c693a323032313b61637469766f7c733a313a2231223b),
('v0v5onqkuqt1fd1f4o3vad5brcpk3mkt', '::1', 1596823436, 0x5f5f63695f6c6173745f726567656e65726174657c693a313539363832333433363b6c6f67696e7c693a313b6e6976656c5f757365727c733a313a2231223b6e6f6d6272655f757365727c733a373a2261736466616473223b61705f707c733a373a2261736466616473223b61705f6d7c733a393a22666164736661647366223b636f7272656f7c733a31383a2261736466617364666140676f676f2e636f6d223b69645f6361745f757365727c733a313a2233223b69645f736f5f757365727c733a323a223630223b69645f756269636163696f6e5f757365727c733a313a2233223b656a6572636963696f7c693a323032313b61637469766f7c733a313a2231223b),
('m7ca1pdpf3bblp57m90s60af3b07i6t3', '::1', 1596823920, 0x5f5f63695f6c6173745f726567656e65726174657c693a313539363832333932303b6c6f67696e7c693a313b6e6976656c5f757365727c733a313a2231223b6e6f6d6272655f757365727c733a31343a225269636172646f204d616e75656c223b61705f707c733a333a22436869223b61705f6d7c733a383a2247616c6c6172646f223b636f7272656f7c733a32353a227267616c6c6172646f40636f7461697065632e6f72672e6d78223b69645f6361745f757365727c733a313a2231223b69645f736f5f757365727c733a323a223135223b69645f756269636163696f6e5f757365727c733a313a2233223b656a6572636963696f7c693a323032313b61637469766f7c733a313a2231223b),
('hv95saioa7g62e3tjnqi20jgdvkg9e7c', '::1', 1596824283, 0x5f5f63695f6c6173745f726567656e65726174657c693a313539363832343238333b6c6f67696e7c693a313b6e6976656c5f757365727c733a313a2231223b6e6f6d6272655f757365727c733a31343a225269636172646f204d616e75656c223b61705f707c733a333a22436869223b61705f6d7c733a383a2247616c6c6172646f223b636f7272656f7c733a32353a227267616c6c6172646f40636f7461697065632e6f72672e6d78223b69645f6361745f757365727c733a313a2231223b69645f736f5f757365727c733a323a223135223b69645f756269636163696f6e5f757365727c733a313a2233223b656a6572636963696f7c693a323032313b61637469766f7c733a313a2231223b),
('cisbj6jhssn76iujcdevekhl4cv48m1k', '::1', 1596824621, 0x5f5f63695f6c6173745f726567656e65726174657c693a313539363832343632313b6c6f67696e7c693a313b6e6976656c5f757365727c733a313a2231223b6e6f6d6272655f757365727c733a31343a225269636172646f204d616e75656c223b61705f707c733a333a22436869223b61705f6d7c733a383a2247616c6c6172646f223b636f7272656f7c733a32353a227267616c6c6172646f40636f7461697065632e6f72672e6d78223b69645f6361745f757365727c733a313a2231223b69645f736f5f757365727c733a323a223135223b69645f756269636163696f6e5f757365727c733a313a2233223b656a6572636963696f7c693a323032313b61637469766f7c733a313a2231223b),
('ki3884pm1020paac7dc49tbsk8mdc3lh', '::1', 1596825664, 0x5f5f63695f6c6173745f726567656e65726174657c693a313539363832353636343b6c6f67696e7c693a313b6e6976656c5f757365727c733a313a2231223b6e6f6d6272655f757365727c733a383a225573756172696f20223b61705f707c733a333a224e6f20223b61705f6d7c733a31323a224964656e746966696361646f223b636f7272656f7c733a31373a22636f7272656f40636f7272656f2e676f62223b69645f6361745f757365727c733a313a2238223b69645f736f5f757365727c733a333a22313330223b69645f756269636163696f6e5f757365727c733a313a2233223b656a6572636963696f7c693a323032313b61637469766f7c733a313a2231223b),
('sh3fgauou1kqenqfif019b285i5fkbqp', '::1', 1596831064, 0x5f5f63695f6c6173745f726567656e65726174657c693a313539363833313036343b6c6f67696e7c693a313b6e6976656c5f757365727c733a313a2231223b6e6f6d6272655f757365727c733a383a225573657220417069223b61705f707c733a383a225573657220417069223b61705f6d7c733a383a225573657220417069223b636f7272656f7c733a31343a2261706940636f7272656f2e636f6d223b69645f6361745f757365727c733a313a2231223b69645f736f5f757365727c733a313a2231223b69645f756269636163696f6e5f757365727c733a313a2233223b656a6572636963696f7c693a323032313b61637469766f7c733a313a2231223b),
('a4961uahrct88bjncakgre2m8fqq3lec', '::1', 1596831090, 0x5f5f63695f6c6173745f726567656e65726174657c693a313539363833313036343b6c6f67696e7c693a313b6e6976656c5f757365727c733a313a2231223b6e6f6d6272655f757365727c733a383a225573657220417069223b61705f707c733a383a225573657220417069223b61705f6d7c733a383a225573657220417069223b636f7272656f7c733a31343a2261706940636f7272656f2e636f6d223b69645f6361745f757365727c733a313a2231223b69645f736f5f757365727c733a313a2231223b69645f756269636163696f6e5f757365727c733a313a2233223b656a6572636963696f7c693a323032313b61637469766f7c733a313a2231223b),
('pjm6jsfh6cdibojqcmmsgjbem2rdvkf0', '::1', 1597171032, 0x5f5f63695f6c6173745f726567656e65726174657c693a313539373137313033323b6c6f67696e7c693a313b6e6976656c5f757365727c733a313a2231223b6e6f6d6272655f757365727c733a363a224d6172746861223b61705f707c733a373a2245737472616461223b61705f6d7c733a363a22506572657261223b636f7272656f7c733a32313a226d6172746140636f64656863616d2e6f72672e6d78223b69645f6361745f757365727c733a313a2235223b69645f736f5f757365727c733a333a22313136223b69645f756269636163696f6e5f757365727c733a313a2233223b656a6572636963696f7c693a323032313b61637469766f7c733a313a2231223b),
('bie2p2snpogeqqj8cgf8pvl921fsitql', '::1', 1597172831, 0x5f5f63695f6c6173745f726567656e65726174657c693a313539373137323833313b6c6f67696e7c693a313b6e6976656c5f757365727c733a313a2231223b6e6f6d6272655f757365727c733a363a224d6172746861223b61705f707c733a373a2245737472616461223b61705f6d7c733a363a22506572657261223b636f7272656f7c733a32313a226d6172746140636f64656863616d2e6f72672e6d78223b69645f6361745f757365727c733a313a2235223b69645f736f5f757365727c733a333a22313136223b69645f756269636163696f6e5f757365727c733a313a2233223b656a6572636963696f7c693a323032313b61637469766f7c733a313a2231223b),
('onsbnaf4esgbggiaqtjq7o8co4unl85o', '::1', 1597175636, 0x5f5f63695f6c6173745f726567656e65726174657c693a313539373137353633363b6c6f67696e7c693a313b6e6976656c5f757365727c733a313a2231223b6e6f6d6272655f757365727c733a363a224d6172746861223b61705f707c733a373a2245737472616461223b61705f6d7c733a363a22506572657261223b636f7272656f7c733a32313a226d6172746140636f64656863616d2e6f72672e6d78223b69645f6361745f757365727c733a313a2235223b69645f736f5f757365727c733a333a22313136223b69645f756269636163696f6e5f757365727c733a313a2233223b656a6572636963696f7c693a323032313b61637469766f7c733a313a2231223b),
('cmp1628ocb0f5hg8et142lnoudhvbuo7', '::1', 1597176044, 0x5f5f63695f6c6173745f726567656e65726174657c693a313539373137363034343b6c6f67696e7c693a313b6e6976656c5f757365727c733a313a2231223b6e6f6d6272655f757365727c733a363a224d6172746861223b61705f707c733a373a2245737472616461223b61705f6d7c733a363a22506572657261223b636f7272656f7c733a32313a226d6172746140636f64656863616d2e6f72672e6d78223b69645f6361745f757365727c733a313a2235223b69645f736f5f757365727c733a333a22313136223b69645f756269636163696f6e5f757365727c733a313a2233223b656a6572636963696f7c693a323032313b61637469766f7c733a313a2231223b),
('10olb6mhbor5ip8hg06bre3g9vqkbtkv', '::1', 1597177486, 0x5f5f63695f6c6173745f726567656e65726174657c693a313539373137373438363b6c6f67696e7c693a313b6e6976656c5f757365727c733a313a2231223b6e6f6d6272655f757365727c733a363a224d6172746861223b61705f707c733a373a2245737472616461223b61705f6d7c733a363a22506572657261223b636f7272656f7c733a32313a226d6172746140636f64656863616d2e6f72672e6d78223b69645f6361745f757365727c733a313a2235223b69645f736f5f757365727c733a333a22313136223b69645f756269636163696f6e5f757365727c733a313a2233223b656a6572636963696f7c693a323032313b61637469766f7c733a313a2231223b),
('0nbuf6j1h1kich4hitpadgrud97k72nn', '::1', 1597181942, 0x5f5f63695f6c6173745f726567656e65726174657c693a313539373138313934323b6c6f67696e7c693a313b6e6976656c5f757365727c733a313a2231223b6e6f6d6272655f757365727c733a363a224d6172746861223b61705f707c733a373a2245737472616461223b61705f6d7c733a363a22506572657261223b636f7272656f7c733a32313a226d6172746140636f64656863616d2e6f72672e6d78223b69645f6361745f757365727c733a313a2235223b69645f736f5f757365727c733a333a22313136223b69645f756269636163696f6e5f757365727c733a313a2233223b656a6572636963696f7c693a323032313b61637469766f7c733a313a2231223b5f5f63695f766172737c613a313a7b733a383a226d73675f73656e64223b733a333a226e6577223b7d6d73675f73656e647c733a3134313a223c646976207374796c653d22636f6c6f723a23643232613261223e3c6920636c6173733d2266612066612d74696d6573223e3c2f693e203c6920636c6173733d2266612066612d6b6579223e3c2f693e204c61207461626c612064652061706c69636162696c6964616420736520686120656e766961646f20636f7272656374616d656e74652e3c2f6469763e223b),
('2egpcjp31ar61nnfv89ntdhi3lucit95', '::1', 1597185786, 0x5f5f63695f6c6173745f726567656e65726174657c693a313539373138353738363b6c6f67696e7c693a313b6e6976656c5f757365727c733a313a2231223b6e6f6d6272655f757365727c733a363a224d6172746861223b61705f707c733a373a2245737472616461223b61705f6d7c733a363a22506572657261223b636f7272656f7c733a32313a226d6172746140636f64656863616d2e6f72672e6d78223b69645f6361745f757365727c733a313a2235223b69645f736f5f757365727c733a333a22313136223b69645f756269636163696f6e5f757365727c733a313a2233223b656a6572636963696f7c693a323032313b61637469766f7c733a313a2231223b5f5f63695f766172737c613a313a7b733a383a226d73675f73656e64223b733a333a226f6c64223b7d6d73675f73656e647c733a3134313a223c646976207374796c653d22636f6c6f723a23643232613261223e3c6920636c6173733d2266612066612d74696d6573223e3c2f693e203c6920636c6173733d2266612066612d6b6579223e3c2f693e204c61207461626c612064652061706c69636162696c6964616420736520686120656e766961646f20636f7272656374616d656e74652e3c2f6469763e223b),
('neft8obl2k00ecg2rvn33je82o51iaq2', '::1', 1597188405, 0x5f5f63695f6c6173745f726567656e65726174657c693a313539373138353738363b6c6f67696e7c693a313b6e6976656c5f757365727c733a313a2231223b6e6f6d6272655f757365727c733a363a224d6172746861223b61705f707c733a373a2245737472616461223b61705f6d7c733a363a22506572657261223b636f7272656f7c733a32313a226d6172746140636f64656863616d2e6f72672e6d78223b69645f6361745f757365727c733a313a2235223b69645f736f5f757365727c733a333a22313136223b69645f756269636163696f6e5f757365727c733a313a2233223b656a6572636963696f7c693a323032313b61637469766f7c733a313a2231223b6d73675f73656e647c733a3230313a223c64697620636c6173733d22636172642d70616e656c20677265656e206c69676874656e2d332063656e74657220223e3c6920636c6173733d226d656469756d206d6174657269616c2d69636f6e73223e636865636b5f636972636c653c2f693e3c62723e3c623e4c61207461626c612064652061706c69636162696c6964616420636f72726573706f6e6469656e746520616c20656a6572636963696f203230323120736520686120656e766961646f20636f7272656374616d656e74653c2f623e203c6469763e223b5f5f63695f766172737c613a313a7b733a383a226d73675f73656e64223b733a333a226e6577223b7d),
('7gve3q5hehh76pnstu2cqh8s21ij039s', '::1', 1597204486, 0x5f5f63695f6c6173745f726567656e65726174657c693a313539373230343438363b6c6f67696e7c693a313b6e6976656c5f757365727c733a313a2231223b6e6f6d6272655f757365727c733a383a225573657220417069223b61705f707c733a383a225573657220417069223b61705f6d7c733a383a225573657220417069223b636f7272656f7c733a31343a2261706940636f7272656f2e636f6d223b69645f6361745f757365727c733a313a2231223b69645f736f5f757365727c733a313a2231223b69645f756269636163696f6e5f757365727c733a313a2233223b656a6572636963696f7c693a323032313b61637469766f7c733a313a2231223b),
('pda2k06h9gm1gl7rot3po18es74om9vh', '::1', 1597204488, 0x5f5f63695f6c6173745f726567656e65726174657c693a313539373230343438363b6c6f67696e7c693a313b6e6976656c5f757365727c733a313a2231223b6e6f6d6272655f757365727c733a383a225573657220417069223b61705f707c733a383a225573657220417069223b61705f6d7c733a383a225573657220417069223b636f7272656f7c733a31343a2261706940636f7272656f2e636f6d223b69645f6361745f757365727c733a313a2231223b69645f736f5f757365727c733a313a2231223b69645f756269636163696f6e5f757365727c733a313a2233223b656a6572636963696f7c693a323032313b61637469766f7c733a313a2231223b),
('5drlbtijh8rctjrq24tnnijmo57t4dq6', '::1', 1597246741, 0x5f5f63695f6c6173745f726567656e65726174657c693a313539373234363734313b6c6f67696e7c693a313b6e6976656c5f757365727c733a313a2231223b6e6f6d6272655f757365727c733a343a2275736572223b61705f707c733a343a2275736572223b61705f6d7c733a343a2275736572223b636f7272656f7c733a31333a227573657240757365722e636f6d223b69645f6361745f757365727c733a313a2232223b69645f736f5f757365727c733a323a223633223b69645f756269636163696f6e5f757365727c733a313a2233223b656a6572636963696f7c693a323032313b61637469766f7c733a313a2231223b),
('32k6ekqj6ppu5shljl163cs7evbpjecd', '::1', 1597249076, 0x5f5f63695f6c6173745f726567656e65726174657c693a313539373234393037363b6c6f67696e7c693a313b6e6976656c5f757365727c733a313a2231223b6e6f6d6272655f757365727c733a343a2275736572223b61705f707c733a343a2275736572223b61705f6d7c733a343a2275736572223b636f7272656f7c733a31333a227573657240757365722e636f6d223b69645f6361745f757365727c733a313a2232223b69645f736f5f757365727c733a323a223633223b69645f756269636163696f6e5f757365727c733a313a2233223b656a6572636963696f7c693a323032313b61637469766f7c733a313a2231223b),
('tq0rn8h97rkf66jh0q5f9j8ruin7amsv', '::1', 1597249382, 0x5f5f63695f6c6173745f726567656e65726174657c693a313539373234393338323b6c6f67696e7c693a313b6e6976656c5f757365727c733a313a2231223b6e6f6d6272655f757365727c733a343a2275736572223b61705f707c733a343a2275736572223b61705f6d7c733a343a2275736572223b636f7272656f7c733a31333a227573657240757365722e636f6d223b69645f6361745f757365727c733a313a2232223b69645f736f5f757365727c733a323a223633223b69645f756269636163696f6e5f757365727c733a313a2233223b656a6572636963696f7c693a323032313b61637469766f7c733a313a2231223b),
('q3fdbik6ketk7lr410o011q3q9qikc9c', '::1', 1597249807, 0x5f5f63695f6c6173745f726567656e65726174657c693a313539373234393830373b6c6f67696e7c693a313b6e6976656c5f757365727c733a313a2231223b6e6f6d6272655f757365727c733a343a2275736572223b61705f707c733a343a2275736572223b61705f6d7c733a343a2275736572223b636f7272656f7c733a31333a227573657240757365722e636f6d223b69645f6361745f757365727c733a313a2232223b69645f736f5f757365727c733a323a223633223b69645f756269636163696f6e5f757365727c733a313a2233223b656a6572636963696f7c693a323032313b61637469766f7c733a313a2231223b),
('rrc4ujh4au70df8e27phkr9fhm9qus6h', '::1', 1597251220, 0x5f5f63695f6c6173745f726567656e65726174657c693a313539373235313232303b6c6f67696e7c693a313b6e6976656c5f757365727c733a313a2232223b6e6f6d6272655f757365727c733a31333a2241646d696e6973747261646f72223b61705f707c733a373a2247656e6572616c223b61705f6d7c733a31313a2264656c2053697374656d61223b636f7272656f7c733a32353a227267616c6c6172646f40636f7461697065632e6f72672e6d78223b69645f6361745f757365727c733a313a2230223b69645f736f5f757365727c733a333a22313437223b69645f756269636163696f6e5f757365727c733a313a2233223b656a6572636963696f7c693a323032313b61637469766f7c733a313a2231223b),
('u0l6t8k2g7ia4kd0h0qsspt141dpu7lf', '::1', 1597251598, 0x5f5f63695f6c6173745f726567656e65726174657c693a313539373235313539383b6c6f67696e7c693a313b6e6976656c5f757365727c733a313a2231223b6e6f6d6272655f757365727c733a373a2261736466617364223b61705f707c733a373a2261736466617364223b61705f6d7c733a353a226173646661223b636f7272656f7c733a32323a226173646661736466407366616473666164732e636f6d223b69645f6361745f757365727c733a313a2235223b69645f736f5f757365727c733a333a22313231223b69645f756269636163696f6e5f757365727c733a313a2233223b656a6572636963696f7c693a323032313b61637469766f7c733a313a2231223b),
('k6ua91tdknoud9ldra4ln70g766qic30', '::1', 1597252384, 0x5f5f63695f6c6173745f726567656e65726174657c693a313539373235323338343b6c6f67696e7c693a313b6e6976656c5f757365727c733a313a2231223b6e6f6d6272655f757365727c733a373a2261736466617364223b61705f707c733a373a2261736466617364223b61705f6d7c733a353a226173646661223b636f7272656f7c733a32323a226173646661736466407366616473666164732e636f6d223b69645f6361745f757365727c733a313a2235223b69645f736f5f757365727c733a333a22313231223b69645f756269636163696f6e5f757365727c733a313a2233223b656a6572636963696f7c693a323032313b61637469766f7c733a313a2231223b);
INSERT INTO `ci_session` (`id`, `ip_address`, `timestamp`, `data`) VALUES
('9r30bu73qqf1d8jl37osngsd421s824p', '::1', 1597252845, 0x5f5f63695f6c6173745f726567656e65726174657c693a313539373235323834353b6c6f67696e7c693a313b6e6976656c5f757365727c733a313a2231223b6e6f6d6272655f757365727c733a373a2261736466617364223b61705f707c733a373a2261736466617364223b61705f6d7c733a353a226173646661223b636f7272656f7c733a32323a226173646661736466407366616473666164732e636f6d223b69645f6361745f757365727c733a313a2235223b69645f736f5f757365727c733a333a22313231223b69645f756269636163696f6e5f757365727c733a313a2233223b656a6572636963696f7c693a323032313b61637469766f7c733a313a2231223b),
('jqnf319dk13s87ckga0gevr0am5c078g', '::1', 1597253178, 0x5f5f63695f6c6173745f726567656e65726174657c693a313539373235333137383b6c6f67696e7c693a313b6e6976656c5f757365727c733a313a2231223b6e6f6d6272655f757365727c733a373a2261736466617364223b61705f707c733a373a2261736466617364223b61705f6d7c733a353a226173646661223b636f7272656f7c733a32323a226173646661736466407366616473666164732e636f6d223b69645f6361745f757365727c733a313a2235223b69645f736f5f757365727c733a333a22313231223b69645f756269636163696f6e5f757365727c733a313a2233223b656a6572636963696f7c693a323032313b61637469766f7c733a313a2231223b),
('6picaghrj1a053a776sf1ftds8gn34qm', '::1', 1597255924, 0x5f5f63695f6c6173745f726567656e65726174657c693a313539373235353932343b6c6f67696e7c693a313b6e6976656c5f757365727c733a313a2231223b6e6f6d6272655f757365727c733a31363a224c69632e204a6f72676520506564726f223b61705f707c733a31313a224865726ec3a16e64657a20223b61705f6d7c733a373a2245737472616461223b636f7272656f7c733a32333a2268657264616e64657a40636f7272656f2e636f6d2e6d78223b69645f6361745f757365727c733a313a2232223b69645f736f5f757365727c733a333a22313133223b69645f756269636163696f6e5f757365727c733a313a2231223b656a6572636963696f7c693a323032313b61637469766f7c733a313a2231223b),
('v9rk86nq17na64om49ifnchkmdjpgcfr', '::1', 1597256019, 0x5f5f63695f6c6173745f726567656e65726174657c693a313539373235363031393b),
('4olb84oq3ov65ccmgv0uc2abmqa4fe25', '::1', 1597256506, 0x5f5f63695f6c6173745f726567656e65726174657c693a313539373235363530363b6c6f67696e7c693a313b6e6976656c5f757365727c733a313a2231223b6e6f6d6272655f757365727c733a31363a224c69632e204a6f72676520506564726f223b61705f707c733a31313a224865726ec3a16e64657a20223b61705f6d7c733a373a2245737472616461223b636f7272656f7c733a32333a2268657264616e64657a40636f7272656f2e636f6d2e6d78223b69645f6361745f757365727c733a313a2232223b69645f736f5f757365727c733a333a22313133223b69645f756269636163696f6e5f757365727c733a313a2231223b656a6572636963696f7c693a323032313b61637469766f7c733a313a2231223b),
('mi2qnmlqcetahjlgaauu3cc6m239hitm', '::1', 1597256840, 0x5f5f63695f6c6173745f726567656e65726174657c693a313539373235363834303b6c6f67696e7c693a313b6e6976656c5f757365727c733a313a2231223b6e6f6d6272655f757365727c733a31363a224c69632e204a6f72676520506564726f223b61705f707c733a31313a224865726ec3a16e64657a20223b61705f6d7c733a373a2245737472616461223b636f7272656f7c733a32333a2268657264616e64657a40636f7272656f2e636f6d2e6d78223b69645f6361745f757365727c733a313a2232223b69645f736f5f757365727c733a333a22313133223b69645f756269636163696f6e5f757365727c733a313a2231223b656a6572636963696f7c693a323032313b61637469766f7c733a313a2231223b),
('foo357tbbq4bi484gfr8j2q2e41phf7g', '::1', 1597257190, 0x5f5f63695f6c6173745f726567656e65726174657c693a313539373235373139303b6c6f67696e7c693a313b6e6976656c5f757365727c733a313a2231223b6e6f6d6272655f757365727c733a31363a224c69632e204a6f72676520506564726f223b61705f707c733a31313a224865726ec3a16e64657a20223b61705f6d7c733a373a2245737472616461223b636f7272656f7c733a32333a2268657264616e64657a40636f7272656f2e636f6d2e6d78223b69645f6361745f757365727c733a313a2232223b69645f736f5f757365727c733a333a22313133223b69645f756269636163696f6e5f757365727c733a313a2231223b656a6572636963696f7c693a323032313b61637469766f7c733a313a2231223b),
('cn0n2ej2sn97sntaf7jr1t6hh6b6j365', '::1', 1597257919, 0x5f5f63695f6c6173745f726567656e65726174657c693a313539373235373931393b6c6f67696e7c693a313b6e6976656c5f757365727c733a313a2231223b6e6f6d6272655f757365727c733a31363a224c69632e204a6f72676520506564726f223b61705f707c733a31313a224865726ec3a16e64657a20223b61705f6d7c733a373a2245737472616461223b636f7272656f7c733a32333a2268657264616e64657a40636f7272656f2e636f6d2e6d78223b69645f6361745f757365727c733a313a2232223b69645f736f5f757365727c733a333a22313133223b69645f756269636163696f6e5f757365727c733a313a2231223b656a6572636963696f7c693a323032313b61637469766f7c733a313a2231223b),
('a4r8efhhuk5mla6c4qpsnuiovqp64cnl', '::1', 1597259031, 0x5f5f63695f6c6173745f726567656e65726174657c693a313539373235393033313b6c6f67696e7c693a313b6e6976656c5f757365727c733a313a2231223b6e6f6d6272655f757365727c733a383a225573657220417069223b61705f707c733a383a225573657220417069223b61705f6d7c733a383a225573657220417069223b636f7272656f7c733a31343a2261706940636f7272656f2e636f6d223b69645f6361745f757365727c733a313a2231223b69645f736f5f757365727c733a313a2231223b69645f756269636163696f6e5f757365727c733a313a2233223b656a6572636963696f7c693a323032323b61637469766f7c733a313a2231223b),
('akpdasmn21je5v9j98clldapnmf5pjsi', '::1', 1597259627, 0x5f5f63695f6c6173745f726567656e65726174657c693a313539373235393632373b6c6f67696e7c693a313b6e6976656c5f757365727c733a313a2231223b6e6f6d6272655f757365727c733a383a225573657220417069223b61705f707c733a383a225573657220417069223b61705f6d7c733a383a225573657220417069223b636f7272656f7c733a31343a2261706940636f7272656f2e636f6d223b69645f6361745f757365727c733a313a2231223b69645f736f5f757365727c733a313a2231223b69645f756269636163696f6e5f757365727c733a313a2233223b656a6572636963696f7c693a323032323b61637469766f7c733a313a2231223b),
('mla0opmes1pj7pq0sr7cr3u3o639p9c7', '::1', 1597260792, 0x5f5f63695f6c6173745f726567656e65726174657c693a313539373236303739323b6c6f67696e7c693a313b6e6976656c5f757365727c733a313a2231223b6e6f6d6272655f757365727c733a383a225573657220417069223b61705f707c733a383a225573657220417069223b61705f6d7c733a383a225573657220417069223b636f7272656f7c733a31343a2261706940636f7272656f2e636f6d223b69645f6361745f757365727c733a313a2231223b69645f736f5f757365727c733a313a2231223b69645f756269636163696f6e5f757365727c733a313a2233223b656a6572636963696f7c693a323032323b61637469766f7c733a313a2231223b),
('s4f3rc24king667b4h30shf0328cetfu', '::1', 1597261804, 0x5f5f63695f6c6173745f726567656e65726174657c693a313539373236313830343b6c6f67696e7c693a313b6e6976656c5f757365727c733a313a2231223b6e6f6d6272655f757365727c733a383a225573657220417069223b61705f707c733a383a225573657220417069223b61705f6d7c733a383a225573657220417069223b636f7272656f7c733a31343a2261706940636f7272656f2e636f6d223b69645f6361745f757365727c733a313a2231223b69645f736f5f757365727c733a313a2231223b69645f756269636163696f6e5f757365727c733a313a2233223b656a6572636963696f7c693a323032323b61637469766f7c733a313a2231223b),
('1gfg5l8pumsrrcn7joukh1n7vr6ujq34', '::1', 1597262832, 0x5f5f63695f6c6173745f726567656e65726174657c693a313539373236323833323b6c6f67696e7c693a313b6e6976656c5f757365727c733a313a2231223b6e6f6d6272655f757365727c733a383a225573657220417069223b61705f707c733a383a225573657220417069223b61705f6d7c733a383a225573657220417069223b636f7272656f7c733a31343a2261706940636f7272656f2e636f6d223b69645f6361745f757365727c733a313a2231223b69645f736f5f757365727c733a313a2231223b69645f756269636163696f6e5f757365727c733a313a2233223b656a6572636963696f7c693a323032323b61637469766f7c733a313a2231223b),
('uq4deop549024kmf0qb1st3sfgegb05b', '::1', 1597263138, 0x5f5f63695f6c6173745f726567656e65726174657c693a313539373236333133383b6c6f67696e7c693a313b6e6976656c5f757365727c733a313a2231223b6e6f6d6272655f757365727c733a383a225573657220417069223b61705f707c733a383a225573657220417069223b61705f6d7c733a383a225573657220417069223b636f7272656f7c733a31343a2261706940636f7272656f2e636f6d223b69645f6361745f757365727c733a313a2231223b69645f736f5f757365727c733a313a2231223b69645f756269636163696f6e5f757365727c733a313a2233223b656a6572636963696f7c693a323032323b61637469766f7c733a313a2231223b),
('i6r780r0ti1p4ohcd7vrgduhfieaa9uf', '::1', 1597263692, 0x5f5f63695f6c6173745f726567656e65726174657c693a313539373236333639323b6c6f67696e7c693a313b6e6976656c5f757365727c733a313a2231223b6e6f6d6272655f757365727c733a383a225573657220417069223b61705f707c733a383a225573657220417069223b61705f6d7c733a383a225573657220417069223b636f7272656f7c733a31343a2261706940636f7272656f2e636f6d223b69645f6361745f757365727c733a313a2231223b69645f736f5f757365727c733a313a2231223b69645f756269636163696f6e5f757365727c733a313a2233223b656a6572636963696f7c693a323032323b61637469766f7c733a313a2231223b),
('kc3mnovggaa915gn44nk4snagm9mac5q', '::1', 1597264016, 0x5f5f63695f6c6173745f726567656e65726174657c693a313539373236343031363b6c6f67696e7c693a313b6e6976656c5f757365727c733a313a2231223b6e6f6d6272655f757365727c733a383a225573657220417069223b61705f707c733a383a225573657220417069223b61705f6d7c733a383a225573657220417069223b636f7272656f7c733a31343a2261706940636f7272656f2e636f6d223b69645f6361745f757365727c733a313a2231223b69645f736f5f757365727c733a313a2231223b69645f756269636163696f6e5f757365727c733a313a2233223b656a6572636963696f7c693a323032323b61637469766f7c733a313a2231223b),
('bn8j1udqkrglmfgf3vtihh6d4ir3ffq4', '::1', 1597264342, 0x5f5f63695f6c6173745f726567656e65726174657c693a313539373236343334323b6c6f67696e7c693a313b6e6976656c5f757365727c733a313a2231223b6e6f6d6272655f757365727c733a383a225573657220417069223b61705f707c733a383a225573657220417069223b61705f6d7c733a383a225573657220417069223b636f7272656f7c733a31343a2261706940636f7272656f2e636f6d223b69645f6361745f757365727c733a313a2231223b69645f736f5f757365727c733a313a2231223b69645f756269636163696f6e5f757365727c733a313a2233223b656a6572636963696f7c693a323032323b61637469766f7c733a313a2231223b),
('eesbjhm9hnc7r32jitfclnltd2jkei8c', '::1', 1597265696, 0x5f5f63695f6c6173745f726567656e65726174657c693a313539373236353639363b6c6f67696e7c693a313b6e6976656c5f757365727c733a313a2231223b6e6f6d6272655f757365727c733a383a225573657220417069223b61705f707c733a383a225573657220417069223b61705f6d7c733a383a225573657220417069223b636f7272656f7c733a31343a2261706940636f7272656f2e636f6d223b69645f6361745f757365727c733a313a2231223b69645f736f5f757365727c733a313a2231223b69645f756269636163696f6e5f757365727c733a313a2233223b656a6572636963696f7c693a323032323b61637469766f7c733a313a2231223b),
('efsd1c67b18efgv1qhghmr0dia7hjk9r', '::1', 1597266005, 0x5f5f63695f6c6173745f726567656e65726174657c693a313539373236363030353b6c6f67696e7c693a313b6e6976656c5f757365727c733a313a2231223b6e6f6d6272655f757365727c733a383a225573657220417069223b61705f707c733a383a225573657220417069223b61705f6d7c733a383a225573657220417069223b636f7272656f7c733a31343a2261706940636f7272656f2e636f6d223b69645f6361745f757365727c733a313a2231223b69645f736f5f757365727c733a313a2231223b69645f756269636163696f6e5f757365727c733a313a2233223b656a6572636963696f7c693a323032323b61637469766f7c733a313a2231223b),
('5pf12si53jtjuo0hgihumd0si4ou1ut9', '::1', 1597266516, 0x5f5f63695f6c6173745f726567656e65726174657c693a313539373236363531363b6c6f67696e7c693a313b6e6976656c5f757365727c733a313a2231223b6e6f6d6272655f757365727c733a383a225573657220417069223b61705f707c733a383a225573657220417069223b61705f6d7c733a383a225573657220417069223b636f7272656f7c733a31343a2261706940636f7272656f2e636f6d223b69645f6361745f757365727c733a313a2231223b69645f736f5f757365727c733a313a2231223b69645f756269636163696f6e5f757365727c733a313a2233223b656a6572636963696f7c693a323032323b61637469766f7c733a313a2231223b6d73675f73656e647c733a3230313a223c64697620636c6173733d22636172642d70616e656c20677265656e206c69676874656e2d332063656e74657220223e3c6920636c6173733d226d656469756d206d6174657269616c2d69636f6e73223e636865636b5f636972636c653c2f693e3c62723e3c623e4c61207461626c612064652061706c69636162696c6964616420636f72726573706f6e6469656e746520616c20656a6572636963696f203230323220736520686120656e766961646f20636f7272656374616d656e74653c2f623e203c6469763e223b5f5f63695f766172737c613a313a7b733a383a226d73675f73656e64223b733a333a226e6577223b7d),
('notmr5dgg5tahvo55db9c154892hjuu6', '::1', 1597266826, 0x5f5f63695f6c6173745f726567656e65726174657c693a313539373236363832363b6c6f67696e7c693a313b6e6976656c5f757365727c733a313a2231223b6e6f6d6272655f757365727c733a383a225573657220417069223b61705f707c733a383a225573657220417069223b61705f6d7c733a383a225573657220417069223b636f7272656f7c733a31343a2261706940636f7272656f2e636f6d223b69645f6361745f757365727c733a313a2231223b69645f736f5f757365727c733a313a2231223b69645f756269636163696f6e5f757365727c733a313a2233223b656a6572636963696f7c693a323032323b61637469766f7c733a313a2231223b),
('eibhed87dhqsf2p4ibcqugpmgk1kcfcg', '::1', 1597267034, 0x5f5f63695f6c6173745f726567656e65726174657c693a313539373236363832363b6c6f67696e7c693a313b6e6976656c5f757365727c733a313a2231223b6e6f6d6272655f757365727c733a383a225573657220417069223b61705f707c733a383a225573657220417069223b61705f6d7c733a383a225573657220417069223b636f7272656f7c733a31343a2261706940636f7272656f2e636f6d223b69645f6361745f757365727c733a313a2231223b69645f736f5f757365727c733a313a2231223b69645f756269636163696f6e5f757365727c733a313a2233223b656a6572636963696f7c693a323032323b61637469766f7c733a313a2231223b),
('pllgu2f9tbmet5djfedf6pre8abddlrq', '::1', 1597337521, 0x5f5f63695f6c6173745f726567656e65726174657c693a313539373333373532313b6c6f67696e7c693a313b6e6976656c5f757365727c733a313a2231223b6e6f6d6272655f757365727c733a383a225573657220417069223b61705f707c733a383a225573657220417069223b61705f6d7c733a383a225573657220417069223b636f7272656f7c733a31343a2261706940636f7272656f2e636f6d223b69645f6361745f757365727c733a313a2231223b69645f736f5f757365727c733a313a2231223b69645f756269636163696f6e5f757365727c733a313a2233223b69645f757365727c733a323a223233223b656a6572636963696f7c693a323032313b61637469766f7c733a313a2231223b),
('0teb6e8563in7ur7l85vp5dbouguamis', '::1', 1597337855, 0x5f5f63695f6c6173745f726567656e65726174657c693a313539373333373835353b6c6f67696e7c693a313b6e6976656c5f757365727c733a313a2231223b6e6f6d6272655f757365727c733a383a225573657220417069223b61705f707c733a383a225573657220417069223b61705f6d7c733a383a225573657220417069223b636f7272656f7c733a31343a2261706940636f7272656f2e636f6d223b69645f6361745f757365727c733a313a2231223b69645f736f5f757365727c733a313a2231223b69645f756269636163696f6e5f757365727c733a313a2233223b69645f757365727c733a323a223233223b656a6572636963696f7c693a323032313b61637469766f7c733a313a2231223b),
('ftn4ql0q5aa9lemmljbclb870cjo8aj5', '::1', 1597338297, 0x5f5f63695f6c6173745f726567656e65726174657c693a313539373333383239373b6c6f67696e7c693a313b6e6976656c5f757365727c733a313a2231223b6e6f6d6272655f757365727c733a383a225573657220417069223b61705f707c733a383a225573657220417069223b61705f6d7c733a383a225573657220417069223b636f7272656f7c733a31343a2261706940636f7272656f2e636f6d223b69645f6361745f757365727c733a313a2231223b69645f736f5f757365727c733a313a2231223b69645f756269636163696f6e5f757365727c733a313a2233223b69645f757365727c733a323a223233223b656a6572636963696f7c693a323032313b61637469766f7c733a313a2231223b),
('r99l7o07f6r6eec895ov9ski0kj5jo5e', '::1', 1597339863, 0x5f5f63695f6c6173745f726567656e65726174657c693a313539373333393836333b6c6f67696e7c693a313b6e6976656c5f757365727c733a313a2231223b6e6f6d6272655f757365727c733a383a225573657220417069223b61705f707c733a383a225573657220417069223b61705f6d7c733a383a225573657220417069223b636f7272656f7c733a31343a2261706940636f7272656f2e636f6d223b69645f6361745f757365727c733a313a2231223b69645f736f5f757365727c733a313a2231223b69645f756269636163696f6e5f757365727c733a313a2233223b69645f757365727c733a323a223233223b656a6572636963696f7c693a323032313b61637469766f7c733a313a2231223b),
('m6r1g2gabrth5094i8qc0ghfs3de1eh7', '::1', 1597340374, 0x5f5f63695f6c6173745f726567656e65726174657c693a313539373334303337343b6c6f67696e7c693a313b6e6976656c5f757365727c733a313a2231223b6e6f6d6272655f757365727c733a383a225573657220417069223b61705f707c733a383a225573657220417069223b61705f6d7c733a383a225573657220417069223b636f7272656f7c733a31343a2261706940636f7272656f2e636f6d223b69645f6361745f757365727c733a313a2231223b69645f736f5f757365727c733a313a2231223b69645f756269636163696f6e5f757365727c733a313a2233223b69645f757365727c733a323a223233223b656a6572636963696f7c693a323032313b61637469766f7c733a313a2231223b),
('l6i6if10s5ccvji7hf4dfd4l742tiddo', '::1', 1597340801, 0x5f5f63695f6c6173745f726567656e65726174657c693a313539373334303830313b6c6f67696e7c693a313b6e6976656c5f757365727c733a313a2231223b6e6f6d6272655f757365727c733a343a224d617279223b61705f707c733a343a224d617279223b61705f6d7c733a343a224d617279223b636f7272656f7c733a31333a226d617279406d6172792e636f6d223b69645f6361745f757365727c733a313a2233223b69645f736f5f757365727c733a323a223631223b69645f756269636163696f6e5f757365727c733a313a2233223b69645f757365727c733a323a223134223b656a6572636963696f7c693a323032313b61637469766f7c733a313a2231223b),
('v4dlus6sqc861a8kbro7fvd2fohds7a0', '::1', 1597342768, 0x5f5f63695f6c6173745f726567656e65726174657c693a313539373334323736383b6c6f67696e7c693a313b6e6976656c5f757365727c733a313a2231223b6e6f6d6272655f757365727c733a343a224d617279223b61705f707c733a343a224d617279223b61705f6d7c733a343a224d617279223b636f7272656f7c733a31333a226d617279406d6172792e636f6d223b69645f6361745f757365727c733a313a2233223b69645f736f5f757365727c733a323a223631223b69645f756269636163696f6e5f757365727c733a313a2233223b69645f757365727c733a323a223134223b656a6572636963696f7c693a323032313b61637469766f7c733a313a2231223b),
('9n33p5bg0k0fmcmqbamsa1q8dfrnvekt', '::1', 1597343192, 0x5f5f63695f6c6173745f726567656e65726174657c693a313539373334333139323b6c6f67696e7c693a313b6e6976656c5f757365727c733a313a2231223b6e6f6d6272655f757365727c733a343a224d617279223b61705f707c733a343a224d617279223b61705f6d7c733a343a224d617279223b636f7272656f7c733a31333a226d617279406d6172792e636f6d223b69645f6361745f757365727c733a313a2233223b69645f736f5f757365727c733a323a223631223b69645f756269636163696f6e5f757365727c733a313a2233223b69645f757365727c733a323a223134223b656a6572636963696f7c693a323032313b61637469766f7c733a313a2231223b),
('b2i8baraobdmnv6engl7ihjdifh1mdbe', '::1', 1597344436, 0x5f5f63695f6c6173745f726567656e65726174657c693a313539373334343433363b6c6f67696e7c693a313b6e6976656c5f757365727c733a313a2231223b6e6f6d6272655f757365727c733a343a224d617279223b61705f707c733a343a224d617279223b61705f6d7c733a343a224d617279223b636f7272656f7c733a31333a226d617279406d6172792e636f6d223b69645f6361745f757365727c733a313a2233223b69645f736f5f757365727c733a323a223631223b69645f756269636163696f6e5f757365727c733a313a2233223b69645f757365727c733a323a223134223b656a6572636963696f7c693a323032313b61637469766f7c733a313a2231223b),
('ifcajo7st0fdl3mp6sv4hh2vo0qdatv4', '::1', 1597344437, 0x5f5f63695f6c6173745f726567656e65726174657c693a313539373334343433363b6c6f67696e7c693a313b6e6976656c5f757365727c733a313a2231223b6e6f6d6272655f757365727c733a343a224d617279223b61705f707c733a343a224d617279223b61705f6d7c733a343a224d617279223b636f7272656f7c733a31333a226d617279406d6172792e636f6d223b69645f6361745f757365727c733a313a2233223b69645f736f5f757365727c733a323a223631223b69645f756269636163696f6e5f757365727c733a313a2233223b69645f757365727c733a323a223134223b656a6572636963696f7c693a323032313b61637469766f7c733a313a2231223b),
('vpfblp0fkl8epml819p4a0ajnt85o29e', '127.0.0.1', 1597359543, 0x5f5f63695f6c6173745f726567656e65726174657c693a313539373335393534333b6c6f67696e7c693a313b6e6976656c5f757365727c733a313a2231223b6e6f6d6272655f757365727c733a343a224d617279223b61705f707c733a343a224d617279223b61705f6d7c733a343a224d617279223b636f7272656f7c733a31333a226d617279406d6172792e636f6d223b69645f6361745f757365727c733a313a2233223b69645f736f5f757365727c733a323a223631223b69645f756269636163696f6e5f757365727c733a313a2233223b69645f757365727c733a323a223134223b656a6572636963696f7c693a323032313b61637469766f7c733a313a2231223b),
('5teftkd8l3gh49aci4v5sua335eppeea', '::1', 1597359934, 0x5f5f63695f6c6173745f726567656e65726174657c693a313539373335393933343b6c6f67696e7c693a313b6e6976656c5f757365727c733a313a2231223b6e6f6d6272655f757365727c733a343a224d617279223b61705f707c733a343a224d617279223b61705f6d7c733a343a224d617279223b636f7272656f7c733a31333a226d617279406d6172792e636f6d223b69645f6361745f757365727c733a313a2233223b69645f736f5f757365727c733a323a223631223b69645f756269636163696f6e5f757365727c733a313a2233223b69645f757365727c733a323a223134223b656a6572636963696f7c693a323032313b61637469766f7c733a313a2231223b),
('m0m0ev0csips3bt6gs3jjtn0e1jb954b', '::1', 1597360529, 0x5f5f63695f6c6173745f726567656e65726174657c693a313539373336303532393b6c6f67696e7c693a313b6e6976656c5f757365727c733a313a2231223b6e6f6d6272655f757365727c733a343a224d617279223b61705f707c733a343a224d617279223b61705f6d7c733a343a224d617279223b636f7272656f7c733a31333a226d617279406d6172792e636f6d223b69645f6361745f757365727c733a313a2233223b69645f736f5f757365727c733a323a223631223b69645f756269636163696f6e5f757365727c733a313a2233223b69645f757365727c733a323a223134223b656a6572636963696f7c693a323032313b61637469766f7c733a313a2231223b),
('prkir7ul11nl953pihuevbjvtr8qof8u', '::1', 1597360959, 0x5f5f63695f6c6173745f726567656e65726174657c693a313539373336303935393b6c6f67696e7c693a313b6e6976656c5f757365727c733a313a2231223b6e6f6d6272655f757365727c733a343a224d617279223b61705f707c733a343a224d617279223b61705f6d7c733a343a224d617279223b636f7272656f7c733a31333a226d617279406d6172792e636f6d223b69645f6361745f757365727c733a313a2233223b69645f736f5f757365727c733a323a223631223b69645f756269636163696f6e5f757365727c733a313a2233223b69645f757365727c733a323a223134223b656a6572636963696f7c693a323032313b61637469766f7c733a313a2231223b),
('f7dvl44oabm7sllq5ji0mkhbd8rgoq4s', '::1', 1597361525, 0x5f5f63695f6c6173745f726567656e65726174657c693a313539373336313532353b6c6f67696e7c693a313b6e6976656c5f757365727c733a313a2231223b6e6f6d6272655f757365727c733a343a224d617279223b61705f707c733a343a224d617279223b61705f6d7c733a343a224d617279223b636f7272656f7c733a31333a226d617279406d6172792e636f6d223b69645f6361745f757365727c733a313a2233223b69645f736f5f757365727c733a323a223631223b69645f756269636163696f6e5f757365727c733a313a2233223b69645f757365727c733a323a223134223b656a6572636963696f7c693a323032313b61637469766f7c733a313a2231223b),
('tkol0dfgl2bh72cjsj8tm5huiak4sup7', '::1', 1597361868, 0x5f5f63695f6c6173745f726567656e65726174657c693a313539373336313836383b6c6f67696e7c693a313b6e6976656c5f757365727c733a313a2231223b6e6f6d6272655f757365727c733a343a224d617279223b61705f707c733a343a224d617279223b61705f6d7c733a343a224d617279223b636f7272656f7c733a31333a226d617279406d6172792e636f6d223b69645f6361745f757365727c733a313a2233223b69645f736f5f757365727c733a323a223631223b69645f756269636163696f6e5f757365727c733a313a2233223b69645f757365727c733a323a223134223b656a6572636963696f7c693a323032313b61637469766f7c733a313a2231223b),
('n8671mf465a4ubt1m6vdlom5c4s26mge', '::1', 1597362178, 0x5f5f63695f6c6173745f726567656e65726174657c693a313539373336323137383b6c6f67696e7c693a313b6e6976656c5f757365727c733a313a2231223b6e6f6d6272655f757365727c733a343a224d617279223b61705f707c733a343a224d617279223b61705f6d7c733a343a224d617279223b636f7272656f7c733a31333a226d617279406d6172792e636f6d223b69645f6361745f757365727c733a313a2233223b69645f736f5f757365727c733a323a223631223b69645f756269636163696f6e5f757365727c733a313a2233223b69645f757365727c733a323a223134223b656a6572636963696f7c693a323032313b61637469766f7c733a313a2231223b),
('vl5fds6hd4udrcb2ci6183sa491o48lf', '::1', 1597362282, 0x5f5f63695f6c6173745f726567656e65726174657c693a313539373336323137383b6c6f67696e7c693a313b6e6976656c5f757365727c733a313a2231223b6e6f6d6272655f757365727c733a343a224d617279223b61705f707c733a343a224d617279223b61705f6d7c733a343a224d617279223b636f7272656f7c733a31333a226d617279406d6172792e636f6d223b69645f6361745f757365727c733a313a2233223b69645f736f5f757365727c733a323a223631223b69645f756269636163696f6e5f757365727c733a313a2233223b69645f757365727c733a323a223134223b656a6572636963696f7c693a323032313b61637469766f7c733a313a2231223b),
('6tu4jk70fnrsmkft14fej4jpf1l7jpm5', '::1', 1597421909, 0x5f5f63695f6c6173745f726567656e65726174657c693a313539373432313930393b6c6f67696e7c693a313b6e6976656c5f757365727c733a313a2231223b6e6f6d6272655f757365727c733a343a224d617279223b61705f707c733a343a224d617279223b61705f6d7c733a343a224d617279223b636f7272656f7c733a31333a226d617279406d6172792e636f6d223b69645f6361745f757365727c733a313a2233223b69645f736f5f757365727c733a323a223631223b69645f756269636163696f6e5f757365727c733a313a2233223b69645f757365727c733a323a223134223b656a6572636963696f7c693a323032313b61637469766f7c733a313a2231223b),
('6govpk98m6vvsr7dbdvp3b28v5lojfa7', '::1', 1597422277, 0x5f5f63695f6c6173745f726567656e65726174657c693a313539373432323237373b6c6f67696e7c693a313b6e6976656c5f757365727c733a313a2231223b6e6f6d6272655f757365727c733a373a2261736466617364223b61705f707c733a373a2261736466617364223b61705f6d7c733a353a226173646661223b636f7272656f7c733a32323a226173646661736466407366616473666164732e636f6d223b69645f6361745f757365727c733a313a2235223b69645f736f5f757365727c733a333a22313231223b69645f756269636163696f6e5f757365727c733a313a2233223b69645f757365727c733a323a223236223b656a6572636963696f7c693a323032313b61637469766f7c733a313a2231223b),
('loj1fudbc1f7aj0q9rdp0eolms8v2c0r', '::1', 1597422595, 0x5f5f63695f6c6173745f726567656e65726174657c693a313539373432323539353b6c6f67696e7c693a313b6e6976656c5f757365727c733a313a2231223b6e6f6d6272655f757365727c733a343a224d617279223b61705f707c733a343a224d617279223b61705f6d7c733a343a224d617279223b636f7272656f7c733a31333a226d617279406d6172792e636f6d223b69645f6361745f757365727c733a313a2233223b69645f736f5f757365727c733a323a223631223b69645f756269636163696f6e5f757365727c733a313a2233223b69645f757365727c733a323a223134223b656a6572636963696f7c693a323032313b61637469766f7c733a313a2231223b),
('a6okhv958d13qj14mubmu69mkei5m5fn', '::1', 1597422898, 0x5f5f63695f6c6173745f726567656e65726174657c693a313539373432323837323b6c6f67696e7c693a313b6e6976656c5f757365727c733a313a2231223b6e6f6d6272655f757365727c733a343a224d617279223b61705f707c733a343a224d617279223b61705f6d7c733a343a224d617279223b636f7272656f7c733a31333a226d617279406d6172792e636f6d223b69645f6361745f757365727c733a313a2233223b69645f736f5f757365727c733a323a223631223b69645f756269636163696f6e5f757365727c733a313a2233223b69645f757365727c733a323a223134223b656a6572636963696f7c693a323032313b61637469766f7c733a313a2231223b);

-- --------------------------------------------------------

--
-- Estructura de tabla para la tabla `control_tap`
--

CREATE TABLE `control_tap` (
  `id_control` int(11) NOT NULL,
  `id_so_control` int(3) NOT NULL,
  `cat_control` int(2) NOT NULL,
  `ejercicio_control` int(4) NOT NULL,
  `t_oc_control` int(1) NOT NULL,
  `t_esp_control` int(1) NOT NULL,
  `estado_enviado` int(1) NOT NULL
) ENGINE=InnoDB DEFAULT CHARSET=utf8 COLLATE=utf8_spanish_ci;

--
-- Volcado de datos para la tabla `control_tap`
--

INSERT INTO `control_tap` (`id_control`, `id_so_control`, `cat_control`, `ejercicio_control`, `t_oc_control`, `t_esp_control`, `estado_enviado`) VALUES
(1, 1, 1, 2021, 1, 1, 1),
(2, 1, 1, 2022, 1, 1, 0),
(4, 121, 5, 2021, 1, 0, 0);

-- --------------------------------------------------------

--
-- Estructura de tabla para la tabla `estatus_user`
--

CREATE TABLE `estatus_user` (
  `id_status` int(1) NOT NULL,
  `descrip_status` varchar(20) COLLATE utf8_spanish_ci NOT NULL
) ENGINE=InnoDB DEFAULT CHARSET=utf8 COLLATE=utf8_spanish_ci;

--
-- Volcado de datos para la tabla `estatus_user`
--

INSERT INTO `estatus_user` (`id_status`, `descrip_status`) VALUES
(0, 'Inactivo'),
(1, 'Activo');

-- --------------------------------------------------------

--
-- Estructura de tabla para la tabla `fracciones`
--

CREATE TABLE `fracciones` (
  `id_fraccion` int(3) NOT NULL,
  `id_articulo` int(3) NOT NULL,
  `fraccion` varchar(17) COLLATE utf8_spanish_ci NOT NULL,
  `descrip_frac` text COLLATE utf8_spanish_ci NOT NULL,
  `fundamentacion_ltg` text COLLATE utf8_spanish_ci NOT NULL
) ENGINE=InnoDB DEFAULT CHARSET=utf8 COLLATE=utf8_spanish_ci;

--
-- Volcado de datos para la tabla `fracciones`
--

INSERT INTO `fracciones` (`id_fraccion`, `id_articulo`, `fraccion`, `descrip_frac`, `fundamentacion_ltg`) VALUES
(1, 1, 'I', 'El marco normativo aplicable al sujeto obligado, en el que deberá incluirse leyes, códigos, reglamentos, decretos de creación, manuales administrativos, reglas de operación, criterios, políticas, entre otros; ', 'Aplica....'),
(2, 1, 'II', 'Su estructura orgánica completa, en un formato que permita vincular cada parte de la estructura, las atribuciones y responsabilidades que le corresponden a cada servidor público, prestador de servicios profesionales o miembro de los sujetos obligados, de conformidad con las disposiciones aplicables', 'Aplica siempre'),
(3, 1, 'III', 'Las facultades de cada área; ', ''),
(4, 1, 'IV', 'Las metas y objetivos de las áreas, de conformidad con sus programas operativos', ''),
(5, 1, 'V', 'Los indicadores relacionados con temas de interés público o trascendencia social que conforme a sus funciones, deban establecer', ''),
(6, 1, 'VI', 'Los indicadores que permitan rendir cuenta de sus objetivos y resultados', ''),
(7, 1, 'VII', 'El directorio de todos los servidores públicos, a partir del nivel de jefe de departamento o su equivalente, o de menor nivel, cuando se brinde atención al público; manejen o apliquen recursos públicos; realicen actos de autoridad o presten servicios profesionales bajo el régimen de confianza u honorarios y personal de base. El directorio deberá incluir, al menos el nombre, cargo o nombramiento asignado, nivel del puesto en la estructura orgánica, fecha de alta en el cargo, número telefónico, domicilio para recibir correspondencia y dirección de correo electrónico oficiales', ''),
(8, 1, 'VIII', 'La remuneración bruta y neta de todos los servidores públicos de base o de confianza, de todas las percepciones, incluyendo sueldos, prestaciones, gratificaciones, primas, comisiones, dietas, bonos, estímulos, ingresos y sistemas de compensación, señalando la periodicidad de dicha remuneración', ''),
(9, 1, 'IX', 'Los gastos de representación y viáticos, así como el objeto e informe de la comisión correspondiente', ''),
(10, 1, 'X', 'El número total de las plazas y del personal de base y confianza, especificando el total de las vacantes, por nivel de puesto, para cada unidad administrativa', ''),
(11, 1, 'XI', 'Las contrataciones de servicios profesionales por honorarios, señalando los nombres de los prestadores de servicios, los servicios contratados, el monto de los honorarios y el periodo de contratación', ''),
(12, 1, 'XII', 'La información, en versión pública, de las declaraciones patrimoniales de los servidores públicos que así lo determinen, en los sistemas habilitados para ello, de acuerdo a la normatividad aplicable', ''),
(13, 1, 'XIII', 'El domicilio de la Unidad de Transparencia, además de la dirección electrónica donde podrán recibirse las solicitudes para obtener la información', ''),
(14, 1, 'XIV', 'Las convocatorias a concursos para ocupar cargos públicos y los resultados de los mismos', ''),
(15, 1, 'XV', 'La información de los programas de subsidios, estímulos y apoyos, en el que se deberá informar respecto de los programas de transferencia, de servicios, de infraestructura social y de subsidio', ''),
(16, 1, 'XVI', 'Las condiciones generales de trabajo, contratos o convenios que regulen las relaciones laborales del personal de base o de confianza, así como los recursos públicos económicos, en especie o donativos, que sean entregados a los sindicatos y ejerzan como recursos públicos', ''),
(17, 1, 'XVII', 'La información curricular, desde el nivel de jefe de departamento o equivalente, hasta el titular del sujeto obligado, así como, en su caso, las sanciones administrativas de que haya sido objeto; ', ''),
(18, 1, 'XVIII', 'El listado de servidores públicos con sanciones administrativas definitivas, especificando la causa de sanción y la disposición', ''),
(19, 1, 'XIX', 'Los servicios que ofrecen, señalando los requisitos para acceder a ellos', ''),
(20, 1, 'XX', 'Los trámites, requisitos y formatos que ofrecen', ''),
(21, 1, 'XXI', 'La información financiera sobre el presupuesto asignado, así como los informes del ejercicio trimestral del gasto, en términos de la Ley General de Contabilidad Gubernamental y demás normatividad aplicable', ''),
(22, 1, 'XXII', 'La información relativa a la deuda pública, en términos de la normatividad aplicable', ''),
(23, 1, 'XXIII', 'Los montos destinados a gastos relativos a comunicación social y publicidad oficial desglosada por tipo de medio, proveedores, número de contrato y concepto o campaña', ''),
(24, 1, 'XXIV', 'Los informes de resultados de las auditorías al ejercicio presupuestal de cada sujeto obligado y, en su caso, las aclaraciones que correspondan', ''),
(25, 1, 'XXV', 'El resultado de la dictaminación de los estados financieros', ''),
(26, 1, 'XXVI', 'Los montos, criterios, convocatorias y listado de personas físicas o morales a quienes, por cualquier motivo, se les asigne o permita usar recursos públicos o, en los términos de las disposiciones aplicables, realicen actos de autoridad. Asimismo, los informes que dichas personas les entreguen sobre el uso y destino de dichos recursos', ''),
(27, 1, 'XXVII', 'Las concesiones, contratos, convenios, permisos, licencias o autorizaciones otorgados, especificando los titulares de aquéllos, debiendo publicarse su objeto, nombre o razón social del titular, vigencia, tipo, términos, condiciones, monto y modificaciones, así como si el procedimiento involucra el aprovechamiento de bienes, servicios y/o recursos públicos', ''),
(28, 1, 'XXVII', 'La información sobre los resultados sobre procedimientos de adjudicación directa, invitación restringida y licitación de cualquier naturaleza, incluyendo la versión pública del expediente respectivo y de los contratos celebrados, que deberá contener, por lo menos, lo siguiente', ''),
(29, 1, 'XXIX', 'Los informes que, por disposición legal, generen los sujetos obligados', ''),
(30, 1, 'XXX', 'Las estadísticas que generen en cumplimiento de sus facultades, competencias o funciones con la mayor desagregación posible', ''),
(31, 1, 'XXXI', 'Informe de avances programáticos o presupuestales, balances generales y su estado financiero', ''),
(32, 1, 'XXXII', 'Padrón de proveedores y contratistas', ''),
(33, 1, 'XXXII', 'Los convenios de coordinación de concertación con los sectores social y privado', ''),
(34, 1, 'XXXIV', 'El inventario de bienes muebles e inmuebles en posesión y propiedad', ''),
(35, 1, 'XXXV', 'Las recomendaciones emitidas por los órganos garantes de Derechos Humanos, así como las acciones que han llevado a cabo para su atención', ''),
(36, 1, 'XXXVI', 'Las resoluciones y laudos que se emitan en procesos o procedimientos seguidos en forma de juicio', ''),
(37, 1, 'XXXVI', 'Los mecanismos de participación ciudadana', ''),
(38, 1, 'XXXVI', 'Los programas que ofrecen, incluyendo información sobre la población, objetivo y destino, así como los trámites, tiempos de respuesta, requisitos y formatos para acceder a los mismos', ''),
(39, 1, 'XXXIX', 'Las actas y resoluciones del Comité de Transparencia de cada sujeto obligado', ''),
(40, 1, 'XL', 'Todas las evaluaciones y encuestas que hagan los sujetos obligados a programas financiados con recursos públicos', ''),
(41, 1, 'XLI', 'Los estudios financiados con recursos públicos', ''),
(42, 1, 'XLII', 'El listado de jubilados y pensionados y el monto que reciben', ''),
(43, 1, 'XLIII', 'Los ingresos recibidos por cualquier concepto señalando el nombre de los responsables de recibirlos, administrarlos y ejercerlos, así como su destino, indicando el destino de cada uno de ellos', ''),
(44, 1, 'XLIV', 'Donaciones hechas a terceros en dinero o en especie', ''),
(45, 1, 'XLV', 'El catálogo de disposición y guía de archivo documental', ''),
(46, 1, 'XLVI', 'Las actas de sesiones ordinarias y extraordinarias, así como las opiniones y recomendaciones que emitan, en su caso, los consejos consultivos', ''),
(47, 1, 'XLVII', 'Para efectos estadísticos, el listado de solicitudes a las empresas concesionarias de telecomunicaciones y proveedores de servicios o aplicaciones de internet para la intervención de comunicaciones privadas, el acceso al registro de comunicaciones y la localización geográfica en tiempo real de equipos de comunicación, que contenga exclusivamente el objeto, el alcance temporal y los fundamentos legales del requerimiento, así como, en su caso, la mención de que cuenta con la autorización judicial correspondiente; y', ''),
(48, 1, 'XLVII', 'Cualquier otra información que sea de utilidad o se considere relevante, además de la que, con base en la información estadística, responda a las preguntas hechas con más frecuencia por el público', ''),
(49, 1, 'Párrafo Segundo', 'Los sujetos obligados deberán informar a la Comisión y constatar que se publiquen en la Plataforma Nacional cuáles son los rubros que son aplicables a sus páginas electrónicas, con el objeto de que el organismo garante verifique y apruebe, de forma fundada y motivada, la relación de fracciones aplicables a cada sujeto obligado', ''),
(50, 2, 'I', 'El Plan Estatal de Desarrollo', ''),
(51, 2, 'II', 'El presupuesto de egresos y las fórmulas de distribución de los recursos otorgados', ''),
(52, 2, 'III', 'El listado de expropiaciones decretadas y ejecutadas que incluya, cuando menos, la fecha de expropiación, el domicilio y la causa de utilidad pública y las ocupaciones superficiales', ''),
(53, 2, 'IV', 'El nombre, denominación o razón social y clave del registro federal de los contribuyentes a los que se les hubiera cancelado o condonado algún crédito fiscal, así como los montos respectivos. Asimismo, la información estadística sobre las exenciones previstas en las disposiciones fiscales', ''),
(54, 2, 'V', 'Los nombres de las personas a quienes se les habilitó para ejercer como corredores y notarios públicos, así como sus datos de contacto, la información relacionada con el proceso de otorgamiento de la patente y las sanciones que se les hubieran aplicado', ''),
(55, 2, 'VI', 'Las disposiciones administrativas, directamente o a través de la autoridad competente, con el plazo de anticipación que prevean las disposiciones aplicables al sujeto obligado de que se trate, salvo que su difusión pueda comprometer los efectos que se pretenden lograr con la disposición o se trate de situaciones de emergencia, de conformidad con dichas disposiciones', ''),
(56, 2, 'LGTAIP_f', 'La información detallada que contengan los planes de desarrollo urbano, ordenamiento territorial y ecológico, los tipos y usos de suelo, licencias de uso y construcción otorgadas por los gobiernos municipales', ''),
(57, 3, 'I', 'El Plan Municipal de Desarrollo', ''),
(58, 3, 'II', 'La información detallada que contengan los planes de desarrollo urbano, ordenamiento territorial y ecológico, los tipos y usos de suelo, licencias de uso y construcción otorgadas por los gobiernos municipales', ''),
(59, 3, 'III', 'El contenido de las gacetas municipales, las cuales deberán comprender los resolutivos y acuerdos aprobados por los HH. Ayuntamientos', ''),
(60, 3, 'IV', 'Las actas de sesiones de cabildo y los dictámenes de las comisiones municipales', ''),
(61, 3, 'V', 'Los controles de asistencia de los integrantes de los HH. Ayuntamientos a sus respectivas sesiones de cabildo y el sentido de votación de los miembros de los cabildos sobre las iniciativas o acuerdos', ''),
(62, 3, 'VI', 'Los empréstitos, deudas contraídas a corto, mediano y largo plazo, así como la enajenación de bienes', ''),
(63, 3, 'VII', 'Las cantidades recibidas por concepto de impuestos, multas e ingresos por derechos y aprovechamientos municipales, así como en su caso el uso o aplicación que se le da', ''),
(64, 3, 'VIII', 'Las cuotas y tarifas aplicables a impuestos, derechos, contribuciones de mejoras y las tablas de valores unitarios de suelo y construcciones, que sirvan de base para el cobro de las contribuciones sobre la propiedad inmobiliaria', ''),
(65, 3, 'IX', 'Respecto al ejercicio del presupuesto: un reporte trimestral sobre la ejecución de las aportaciones federales y estatales, pudiendo identificar el programa para el cual se destinaron y, en su caso, el monto del gasto asignado por el propio municipio', ''),
(66, 3, 'X', 'Las concesiones, licencias, permiso o autorizaciones, otorgadas para la prestación de servicios públicos, así como el aprovechamiento o explotación de bienes públicos, especificando el nombre o razón social del titular, el concepto y los objetivos de los mismos, el fundamento legal y el tiempo de vigencia; ', ''),
(67, 3, 'XI', 'El atlas municipal de riesgos', ''),
(68, 3, 'XII', 'Las disposiciones administrativas, directamente o a través de la autoridad competente, con el plazo de anticipación que prevean las disposiciones aplicables al sujeto obligado de que se trate, salvo que su difusión pueda comprometer los efectos que se pretenden lograr con la disposición o se trate de situaciones de emergencia, de conformidad con dichas disposiciones', ''),
(69, 3, 'LGTAIP_b', 'El presupuesto de egresos y las fórmulas de distribución de los recursos otorgados', ''),
(70, 3, 'LGTAIP_c', 'El listado de expropiaciones decretadas y ejecutadas que incluya, cuando menos, la fecha de expropiación, el domicilio y la causa de utilidad pública y las ocupaciones superficiales ', ''),
(71, 3, 'LGTAIP_d', 'El nombre, denominación o razón social y clave del registro federal de los contribuyentes a los que se les hubiera cancelado o condonado algún crédito fiscal, así como los montos respectivos. Asimismo, la información estadística sobre las exenciones previstas en las disposiciones fiscales', ''),
(72, 4, 'I', 'Agenda legislativa', ''),
(73, 4, 'II', 'Gaceta Parlamentaria', ''),
(74, 4, 'III', 'Orden del Día', ''),
(75, 4, 'IV', 'El Diario de Debates', ''),
(76, 4, 'V', 'El registro de audio y video', ''),
(77, 4, 'VI', 'Las listas de asistencia de cada una de sus sesiones del Pleno y de las Comisiones', ''),
(78, 4, 'VII', 'Las iniciativas de leyes o decretos, puntos de acuerdo, la fecha en que se recibió, las comisiones a las que se turnaron, y los dictámenes que, en su caso, recaigan sobre las mismas', ''),
(79, 4, 'VIII', 'Las leyes, decretos y acuerdos aprobados por el órgano legislativo', ''),
(80, 4, 'IX', 'Las convocatorias, actas, acuerdos, listas de asistencia y votación de las comisiones y subcomisiones y de las sesiones del Pleno, identificando el sentido del voto, en votación económica, y por cada legislador, en la votación nominal y el resultado de la votación por cédula, así como votos particulares y reservas de los dictámenes y acuerdos sometidos a consideración', ''),
(81, 4, 'X', 'Las resoluciones definitivas sobre juicios políticos y declaratorias de procedencia', ''),
(82, 4, 'XI', 'Las versiones públicas de la información entregada en las audiencias públicas, comparecencias y en los procedimientos de designación, ratificación, elección, reelección o cualquier otro', ''),
(83, 4, 'XII', 'Las contrataciones de servicios personales señalando el nombre del prestador del servicio, objeto, monto y vigencia del contrato de los órganos de gobierno, Comisiones, Comités, Grupos Parlamentarios y centros de estudio u órganos de investigación legislativa', ''),
(84, 4, 'XIII', 'El informe semestral del ejercicio presupuestal del uso y destino de los recursos financieros de los órganos de gobierno, Comisiones, Comités, Grupos Parlamentarios y centros de estudio u órganos de investigación legislativa', ''),
(85, 4, 'XIV', 'Los resultados de los estudios o investigaciones de naturaleza económica, política y social que realicen los centros de estudio o investigación legislativa', ''),
(86, 4, 'XV', 'El padrón de cabilderos, de acuerdo a la normatividad aplicable', ''),
(87, 5, 'I', 'Las tesis jurisprudenciales y aisladas publicadas en el Semanario Judicial de la Federación que se relacionen con la normatividad aplicable al Tribunal de Justicia Administrativa del Estado, así como las ejecutorias publicadas en la gaceta del mismo', ''),
(88, 5, 'II', 'Las versiones públicas de las sentencias que sean de interés público', ''),
(89, 5, 'III', 'Las versiones estenográficas de las sesiones públicas', ''),
(90, 5, 'IV', 'La relacionada con los procesos por medio de los cuales fueron designados los jueces y magistrados', ''),
(91, 5, 'V', 'La lista de acuerdos que diariamente se publiquen', ''),
(92, 6, 'Fr. I, Inciso A', 'Los listados de partidos políticos, asociaciones y agrupaciones políticas o de ciudadanos registrados ante la autoridad electoral estatal', ''),
(93, 6, 'Fr. I, Inciso B', 'Los informes que presenten los partidos políticos, asociaciones y agrupaciones políticas o de ciudadanos', ''),
(94, 6, 'Fr. I, Inciso C', 'La geografía y cartografía electoral del Estado', ''),
(95, 6, 'Fr. I, Inciso D', 'El registro de candidatos a cargos de elección popular', ''),
(96, 6, 'Fr. I, Inciso E', 'El catálogo de estaciones de radio y canales de televisión, pautas de transmisión, versiones de spots del organismo público electoral local y de los partidos políticos', ''),
(97, 6, 'Fr. I, Inciso F', 'Los montos de financiamiento público por actividades ordinarias, de campaña y específicas otorgadas a los partidos políticos, asociaciones y agrupaciones políticas o de ciudadanos y demás asociaciones políticas, registrados ante la autoridad electoral estatal, así como los montos autorizados de financiamiento privado y los topes de los gastos de campañas', ''),
(98, 6, 'Fr. I, Inciso G', 'La metodología e informes sobre la publicación de encuestas por muestreo, encuestas de salida y conteos rápidos financiados por las autoridades electorales competentes', ''),
(99, 6, 'Fr. I, Inciso H', 'La metodología e informe del Programa de Resultados Preliminares Electorales', ''),
(100, 6, 'Fr. I, Inciso I', 'Los cómputos totales de las elecciones y procesos de participación ciudadana', ''),
(101, 6, 'Fr. I, Inciso J', 'Los resultados y declaraciones de validez de las elecciones', ''),
(102, 6, 'Fr. I, Inciso K', 'Las franquicias postales y telegráficas asignadas al partido político para el cumplimiento de sus funciones', ''),
(103, 6, 'Fr. I, Inciso L', 'La información sobre votos de mexicanos residentes en el extranjero', ''),
(104, 6, 'Fr. I, Inciso M', 'Los dictámenes, informes y resoluciones sobre pérdida de registro y liquidación del patrimonio de los partidos políticos nacionales y locales', ''),
(105, 6, 'Fr. I, Inciso N', 'El monitoreo de medios', ''),
(106, 6, 'Fr. II, Inciso A', 'El listado y las versiones públicas de las recomendaciones emitidas, su destinatario o autoridad a la que se recomienda y el estado que guarda su atención, incluyendo, en su caso, las minutas de comparecencias de los titulares que se negaron a aceptar las recomendaciones', ''),
(107, 6, 'Fr. II, Inciso B', 'Las quejas y denuncias presentadas ante las autoridades administrativas y penales respectivas, señalando el estado procesal en que se encuentran y, en su caso, el sentido en el que se resolvieron', ''),
(108, 6, 'Fr. II, Inciso C', 'Las versiones públicas del acuerdo de conciliación, previo consentimiento del quejoso', ''),
(109, 6, 'Fr. II, Inciso D', 'Listado de medidas precautorias, cautelares o equivalentes giradas, una vez concluido el expediente', ''),
(110, 6, 'Fr. II, Inciso E', 'Toda la información con que cuente, relacionada con hechos constitutivos de violaciones graves de derechos humanos o delitos de lesa humanidad, una vez determinados así por la autoridad competente, incluyendo, en su caso, las acciones de reparación del daño, atención a víctimas y de no repetición', ''),
(111, 6, 'Fr. II, Inciso F', 'La información relacionada con las acciones y resultados de defensa, promoción y protección de los derechos humanos', ''),
(112, 6, 'Fr. II, Inciso G', 'Las actas y versiones estenográficas de las sesiones del consejo consultivo, así como las opiniones que emite', ''),
(113, 6, 'Fr. II, Inciso H', 'Los resultados de los estudios, publicaciones o investigaciones que realicen', ''),
(114, 6, 'Fr. II, Inciso I', 'Los programas de prevención y promoción en materia de derechos humanos', ''),
(115, 6, 'Fr. II, Inciso J', 'El estado que guardan los derechos humanos en el sistema penitenciario y en la reinserción social en el Estado', ''),
(116, 6, 'Fr. II, Inciso K', 'El seguimiento, evaluación y monitoreo, en materia de igualdad entre mujeres y hombres', ''),
(117, 6, 'Fr. II, Inciso L', 'Los programas y las acciones de coordinación con las dependencias competentes para impulsar el cumplimiento de tratados de los que el Estado mexicano sea parte, en materia de derechos humanos', ''),
(118, 6, 'Fr. II, Inciso M', 'Los lineamientos generales de la actuación de la Comisión de Derechos Humanos del Estado y las recomendaciones emitidas por su Consejo Consultivo', ''),
(119, 6, 'Fr. III, Inciso A', 'La relación de observaciones y resoluciones emitidas y el seguimiento a cada una de ellas, incluyendo las respuestas entregadas por los sujetos obligados a los solicitantes en cumplimiento de las resoluciones', ''),
(120, 6, 'Fr. III, Inciso B', 'Los criterios orientadores que deriven de sus resoluciones', ''),
(121, 6, 'Fr. III, Inciso C', 'Las actas de las sesiones del pleno y las versiones estenográficas', ''),
(122, 6, 'Fr. III, Inciso D', 'Los resultados de la evaluación al cumplimiento de la presente Ley por parte de los sujetos obligados', ''),
(123, 6, 'Fr. III, Inciso E', 'Los estudios que apoyan la resolución de los recursos de revisión', ''),
(124, 6, 'Fr. III, Inciso F', 'En su caso, las sentencias, ejecutorias o suspensiones judiciales que existan en contra de sus resoluciones', ''),
(125, 6, 'Fr. III, Inciso G', 'El número de quejas, denuncias y recursos de revisión dirigidos a cada uno de los sujetos obligados', ''),
(128, 7, 'I', 'Los planes y programas de estudio según el sistema que ofrecen, ya sea escolarizado o abierto, con las áreas de conocimiento, el perfil profesional de quien cursa el plan de estudios, la duración del programa con las asignaturas y su valor en créditos', ''),
(129, 7, 'II', 'Toda la información relacionada con sus procedimientos administrativos', ''),
(130, 7, 'III', 'La remuneración de los profesores, incluyendo los estímulos al desempeño, nivel y monto', ''),
(131, 7, 'IV', 'La lista de profesores con licencia o en año sabático', ''),
(132, 7, 'V', 'El listado de las becas y apoyos que otorgan, así como los procedimientos y requisitos para obtenerlos', ''),
(133, 7, 'VI', 'Las convocatorias de los concursos de oposición', ''),
(134, 7, 'VII', 'La información relativa a los procesos de selección de los consejos', ''),
(135, 7, 'VIII', 'Resultado de las evaluaciones del cuerpo docente', ''),
(136, 7, 'IX', 'El listado de instituciones incorporadas y requisitos de incorporación', ''),
(137, 8, 'I', 'El padrón estatal de afiliados o militantes de los partidos políticos, que contendrá, exclusivamente: apellidos, nombre o nombres, fecha de afiliación y municipio de residencia', ''),
(138, 8, 'II', 'Los acuerdos y resoluciones de los órganos de dirección de los partidos políticos', ''),
(139, 8, 'III', 'Los convenios de participación entre partidos políticos con organizaciones de la sociedad civil', ''),
(140, 8, 'IV', 'Contratos y convenios para la adquisición o arrendamiento de bienes y servicios; ', ''),
(141, 8, 'V', 'Las minutas de las sesiones de los partidos políticos', ''),
(142, 8, 'VI', 'Los responsables de los órganos internos de finanzas de los partidos políticos', ''),
(143, 8, 'VII', 'Las organizaciones sociales adherentes o similares a algún partido político', ''),
(144, 8, 'VIII', 'Los montos de las cuotas ordinarias y extraordinarias aportadas por sus militantes', ''),
(145, 8, 'IX', 'Los montos autorizados de financiamiento privado, así como una relación de los nombres de los aportantes vinculados con los montos aportados', ''),
(146, 8, 'X', 'El listado de aportantes a las precampañas y campañas políticas; ', ''),
(147, 8, 'XI', 'El acta de la asamblea constitutiva', ''),
(148, 8, 'XII', 'Las demarcaciones electorales en las que participen', ''),
(149, 8, 'XIII', 'Los tiempos que les corresponden en estaciones de radio y canales de televisión', ''),
(150, 8, 'XIV', 'Sus documentos básicos, plataformas electorales y programas de gobierno y los mecanismos de designación de los órganos de dirección en sus respectivos ámbitos', ''),
(151, 8, 'XV', 'El directorio de sus órganos de dirección nacionales, estatales, municipales y, en su caso, regionales y distritales', ''),
(152, 8, 'XVI', 'El tabulador de remuneraciones que perciben los integrantes de los órganos a que se refiere la fracción anterior y de los demás funcionarios partidistas, que deberá vincularse con el directorio y estructura orgánica; así como cualquier persona que reciba ingresos por parte del partido político, independientemente de la función que desempeñe dentro o fuera del partido', ''),
(153, 8, 'XVII', 'El currículo con fotografía reciente de todos los precandidatos y candidatos a cargos de elección popular en el Estado, con el cargo al que se postula y el distrito electoral', ''),
(154, 8, 'XVIII', 'El currículo de los dirigentes a nivel estatal y municipal', ''),
(155, 8, 'XIX', 'Los convenios de frente, coalición o fusión que celebren o de participación electoral que realicen con agrupaciones políticas nacionales', ''),
(156, 8, 'XX', 'Las convocatorias que emitan para la elección de sus dirigentes o la postulación de sus candidatos a cargos de elección popular y, en su caso, el registro correspondiente', ''),
(157, 8, 'XXI', 'Los responsables de los procesos internos de evaluación y selección de candidatos a cargos de elección popular, conforme a su normatividad interna', ''),
(158, 8, 'XXII', 'Informes sobre el gasto del financiamiento público ordinario recibido para la capacitación, promoción y desarrollo del liderazgo político de las mujeres', ''),
(159, 8, 'XXIII', 'Las resoluciones dictadas por los órganos de control', ''),
(160, 8, 'XXIV', 'Los montos de financiamiento público otorgados mensualmente, en cualquier modalidad, a sus órganos estatales y municipales, así como los descuentos correspondientes a sanciones', ''),
(161, 8, 'XXV', 'El estado de situación financiera y patrimonial, el inventario de los bienes inmuebles de los que sean propietarios, así como los anexos que formen parte integrante de los documentos anteriores', ''),
(162, 8, 'XXVI', 'Las resoluciones que emitan sus órganos disciplinarios de cualquier nivel, una vez que hayan causado estado', ''),
(163, 8, 'XXVII', 'Los nombres de sus representantes ante la autoridad electoral competente', ''),
(164, 8, 'XXVII', 'Los mecanismos de control y supervisión aplicados a los procesos internos de selección de candidatos', ''),
(165, 8, 'XXIX', 'El listado de fundaciones, asociaciones, centros o institutos de investigación o capacitación o cualquier otro que reciban apoyo económico de los partidos políticos, así como los montos destinados para tal efecto', ''),
(166, 8, 'XXX', 'Las resoluciones que dicte la autoridad electoral competente respecto de los informes de ingresos y gastos', ''),
(167, 9, 'I', 'El nombre del servidor público y de la persona física o moral que represente al fideicomitente, al fiduciario y al fideicomisario', ''),
(168, 9, 'II', 'La Unidad Administrativa responsable del fideicomiso', ''),
(169, 9, 'III', 'El monto total, el uso y destino del patrimonio fideicomitido, distinguiendo las aportaciones públicas y fuente de los recursos, los subsidios, donaciones, transferencias, excedentes, inversiones realizadas y aportaciones o subvenciones que reciban', ''),
(170, 9, 'IV', 'El saldo total al cierre del ejercicio fiscal, sin perjuicio de los demás informes que deban presentarse en los términos de las disposiciones aplicables', ''),
(171, 9, 'V', 'Las modificaciones que, en su caso, sufran los contratos o decretos de constitución del fideicomiso o del fondo público', ''),
(172, 9, 'VI', 'El padrón de beneficiarios, en su caso', ''),
(173, 9, 'VII', 'Causas por las que, en su caso, se inicie el proceso de constitución o extinción del fideicomiso o fondo público, especificando, de manera detallada, los recursos financieros destinados para tal efecto', ''),
(174, 9, 'VIII', 'Los contratos de obras, adquisiciones y servicios que involucren recursos públicos del fideicomiso, así como los honorarios derivados de los servicios y operaciones que realice la institución de crédito o la fiduciaria', ''),
(175, 10, 'I', 'Los documentos del registro de los sindicatos', ''),
(176, 10, 'II', 'Las tomas de nota', ''),
(177, 10, 'III', 'El estatuto', ''),
(178, 10, 'IV', 'El padrón de socios', ''),
(179, 10, 'V', 'Las actas de asamblea', ''),
(180, 10, 'VI', 'Los reglamentos interiores de trabajo', ''),
(181, 10, 'VII', 'Los contratos colectivos, incluyendo el tabulador, convenios y las condiciones generales de trabajo', ''),
(182, 10, 'VIII', 'Todos los documentos contenidos en el expediente de registro sindical y de contratos colectivos de trabajo', ''),
(183, 11, 'I', 'Contratos y convenios entre sindicatos y autoridades', ''),
(184, 11, 'II', 'El directorio del comité ejecutivo', ''),
(185, 11, 'III', 'El padrón de socios', ''),
(186, 11, 'IV', 'La relación detallada de los recursos públicos económicos, en especie, bienes o donativos que reciban y el informe detallado del ejercicio y destino final de los recursos públicos que ejerzan', '');

-- --------------------------------------------------------

--
-- Estructura de tabla para la tabla `incisos`
--

CREATE TABLE `incisos` (
  `id_inciso` int(3) NOT NULL,
  `id_articulo` int(3) NOT NULL,
  `id_fraccion` int(3) NOT NULL,
  `inciso` varchar(1) COLLATE utf8_spanish_ci NOT NULL,
  `descrip_inciso` text COLLATE utf8_spanish_ci NOT NULL
) ENGINE=InnoDB DEFAULT CHARSET=utf8 COLLATE=utf8_spanish_ci;

--
-- Volcado de datos para la tabla `incisos`
--

INSERT INTO `incisos` (`id_inciso`, `id_articulo`, `id_fraccion`, `inciso`, `descrip_inciso`) VALUES
(1, 12, 56, 'B', 'El presupuesto de egresos y las fórmulas de distribución de los recursos otorgados'),
(2, 12, 56, 'C', 'El listado de expropiaciones decretadas y ejecutadas que incluya, cuando menos, la fecha de expropiación, el domicilio y la causa de utilidad pública y las ocupaciones superficiales '),
(3, 12, 56, 'D', 'El nombre, denominación o razón social y clave del registro federal de los contribuyentes a los que se les hubiera cancelado o condonado algún crédito fiscal, así como los montos respectivos. Asimismo, la información estadística sobre las exenciones previstas en las disposiciones fiscales'),
(4, 12, 56, 'F', 'La información detallada que contengan los planes de desarrollo urbano, ordenamiento territorial y ecológico, los tipos y usos de suelo, licencias de uso y construcción otorgadas por los gobiernos municipales'),
(5, 6, 92, 'A', 'Los listados de partidos políticos, asociaciones y agrupaciones políticas o de ciudadanos registrados ante la autoridad electoral estatal'),
(6, 6, 92, 'B', 'Los informes que presenten los partidos políticos, asociaciones y agrupaciones políticas o de ciudadanos'),
(7, 6, 92, 'C', 'La geografía y cartografía electoral del Estado'),
(8, 6, 92, 'D', 'El registro de candidatos a cargos de elección popular'),
(9, 6, 92, 'E', 'El catálogo de estaciones de radio y canales de televisión, pautas de transmisión, versiones de spots del organismo público electoral local y de los partidos políticos'),
(10, 6, 92, 'F', 'Los montos de financiamiento público por actividades ordinarias, de campaña y específicas otorgadas a los partidos políticos, asociaciones y agrupaciones políticas o de ciudadanos y demás asociaciones políticas, registrados ante la autoridad electoral estatal, así como los montos autorizados de financiamiento privado y los topes de los gastos de campañas'),
(11, 6, 92, 'G', 'La metodología e informes sobre la publicación de encuestas por muestreo, encuestas de salida y conteos rápidos financiados por las autoridades electorales competentes'),
(12, 6, 92, 'H', 'La metodología e informe del Programa de Resultados Preliminares Electorales'),
(13, 6, 92, 'I', 'Los cómputos totales de las elecciones y procesos de participación ciudadana'),
(14, 6, 92, 'J', 'Los resultados y declaraciones de validez de las elecciones'),
(15, 6, 92, 'K', 'Las franquicias postales y telegráficas asignadas al partido político para el cumplimiento de sus funciones'),
(16, 6, 92, 'L', 'La información sobre votos de mexicanos residentes en el extranjero'),
(17, 6, 92, 'M', 'Los dictámenes, informes y resoluciones sobre pérdida de registro y liquidación del patrimonio de los partidos políticos nacionales y locales'),
(18, 6, 92, 'N', 'El monitoreo de medios'),
(19, 6, 93, 'A', 'El listado y las versiones públicas de las recomendaciones emitidas, su destinatario o autoridad a la que se recomienda y el estado que guarda su atención, incluyendo, en su caso, las minutas de comparecencias de los titulares que se negaron a aceptar las recomendaciones'),
(20, 6, 93, 'B', 'Las quejas y denuncias presentadas ante las autoridades administrativas y penales respectivas, señalando el estado procesal en que se encuentran y, en su caso, el sentido en el que se resolvieron'),
(21, 6, 93, 'C', 'Las versiones públicas del acuerdo de conciliación, previo consentimiento del quejoso'),
(22, 6, 93, 'D', 'Listado de medidas precautorias, cautelares o equivalentes giradas, una vez concluido el expediente'),
(23, 6, 93, 'E', 'Toda la información con que cuente, relacionada con hechos constitutivos de violaciones graves de derechos humanos o delitos de lesa humanidad, una vez determinados así por la autoridad competente, incluyendo, en su caso, las acciones de reparación del daño, atención a víctimas y de no repetición'),
(24, 6, 93, 'F', 'La información relacionada con las acciones y resultados de defensa, promoción y protección de los derechos humanos'),
(25, 6, 93, 'G', 'Las actas y versiones estenográficas de las sesiones del consejo consultivo, así como las opiniones que emite'),
(26, 6, 93, 'H', 'Los resultados de los estudios, publicaciones o investigaciones que realicen'),
(27, 6, 93, 'I', 'Los programas de prevención y promoción en materia de derechos humanos'),
(28, 6, 93, 'J', 'El estado que guardan los derechos humanos en el sistema penitenciario y en la reinserción social en el Estado'),
(29, 6, 93, 'K', 'El seguimiento, evaluación y monitoreo, en materia de igualdad entre mujeres y hombres'),
(30, 6, 93, 'L', 'Los programas y las acciones de coordinación con las dependencias competentes para impulsar el cumplimiento de tratados de los que el Estado mexicano sea parte, en materia de derechos humanos'),
(31, 6, 93, 'M', 'Los lineamientos generales de la actuación de la Comisión de Derechos Humanos del Estado y las recomendaciones emitidas por su Consejo Consultivo'),
(32, 6, 94, 'A', 'La relación de observaciones y resoluciones emitidas y el seguimiento a cada una de ellas, incluyendo las respuestas entregadas por los sujetos obligados a los solicitantes en cumplimiento de las resoluciones'),
(33, 6, 94, 'B', 'Los criterios orientadores que deriven de sus resoluciones'),
(34, 6, 94, 'C', 'Las actas de las sesiones del pleno y las versiones estenográficas'),
(35, 6, 94, 'D', 'Los resultados de la evaluación al cumplimiento de la presente Ley por parte de los sujetos obligados'),
(36, 6, 94, 'E', 'Los estudios que apoyan la resolución de los recursos de revisión'),
(37, 6, 94, 'F', 'En su caso, las sentencias, ejecutorias o suspensiones judiciales que existan en contra de sus resoluciones'),
(38, 6, 94, 'G', 'El número de quejas, denuncias y recursos de revisión dirigidos a cada uno de los sujetos obligados');

-- --------------------------------------------------------

--
-- Estructura de tabla para la tabla `nivel_usr`
--

CREATE TABLE `nivel_usr` (
  `id_nivel_usr` int(2) NOT NULL,
  `descrip_nivel` varchar(50) COLLATE utf8_spanish_ci NOT NULL
) ENGINE=InnoDB DEFAULT CHARSET=utf8 COLLATE=utf8_spanish_ci;

--
-- Volcado de datos para la tabla `nivel_usr`
--

INSERT INTO `nivel_usr` (`id_nivel_usr`, `descrip_nivel`) VALUES
(1, 'Responsable Unidad de Transparencia'),
(2, 'Administrador General');

-- --------------------------------------------------------

--
-- Estructura de tabla para la tabla `sujetos_obligados`
--

CREATE TABLE `sujetos_obligados` (
  `id_so` int(3) NOT NULL,
  `id_categoria_so` int(2) NOT NULL,
  `id_municipio_so` int(2) NOT NULL,
  `nombre_so` varchar(150) COLLATE utf8_spanish_ci NOT NULL
) ENGINE=InnoDB DEFAULT CHARSET=utf8 COLLATE=utf8_spanish_ci;

--
-- Volcado de datos para la tabla `sujetos_obligados`
--

INSERT INTO `sujetos_obligados` (`id_so`, `id_categoria_so`, `id_municipio_so`, `nombre_so`) VALUES
(1, 1, 3, 'Administración Portuaria Integral de Campeche, S.A. de C.V.'),
(2, 1, 3, 'Comisión de Conciliación y Arbitraje Médico del Estado de Campeche'),
(3, 1, 3, 'Consejería Jurídica'),
(4, 1, 3, 'Fiscalía General del Estado de Campeche'),
(5, 1, 3, 'Oficina del Gobernador'),
(6, 1, 3, 'Secretaría de Administración e Innovación Gubernamental'),
(7, 1, 3, 'Instituto de Seguridad y Servicios Sociales de los Trabajadores del Estado de Campeche'),
(8, 1, 3, 'Secretaría de Cultura'),
(9, 1, 3, 'Secretaría de Desarrollo Económico'),
(10, 1, 3, 'Instituto Estatal para el Fomento de las Actividades Artesanales en Campeche'),
(11, 1, 3, 'Secretaría de Desarrollo Energético Sustentable '),
(12, 1, 3, 'Agencia de Energía del Estado de Campeche'),
(13, 1, 3, 'Secretaría de Desarrollo Rural'),
(14, 1, 3, 'Secretaría de Desarrollo Social y Humano'),
(15, 1, 3, 'Comisión Estatal de Desarrollo de Suelo y Vivienda'),
(16, 1, 3, 'Instituto del Deporte del Estado de Campeche'),
(17, 1, 3, 'Instituto de Desarrollo y Formación Social del Estado de Campeche'),
(18, 1, 3, 'Instituto de la Juventud del Estado de Campeche'),
(19, 1, 3, 'Instituto de la Mujer del Estado de Campeche'),
(20, 1, 3, 'Secretaría de Desarrollo Urbano, Obras Públicas e Infraestructura'),
(21, 1, 3, 'Comisión de Agua Potable y Alcantarillado del Estado de Campeche'),
(22, 1, 3, 'Secretaría de Educación'),
(23, 1, 3, 'Colegio de Bachilleres del Estado de Campeche'),
(24, 1, 3, 'Colegio de Educación Profesional Técnica del Estado de Campeche'),
(25, 1, 3, 'Consejo Estatal de Investigación Científica y Desarrollo Tecnológico'),
(26, 1, 3, 'Colegio de Estudios Científicos y Tecnológicos del Estado de Campeche'),
(27, 1, 3, 'Instituto de Capacitación para el Trabajo del Estado de Campeche'),
(28, 1, 3, 'Instituto Estatal de la Educación para los Adultos'),
(29, 1, 3, 'Instituto de la Infraestructura Física Educativa   del Estado de Campeche'),
(30, 1, 3, 'Instituto Tecnológico Superior de Calkiní'),
(31, 1, 3, 'Instituto Tecnológico Superior de Champotón'),
(32, 1, 3, 'Instituto Tecnológico Superior de Escárcega'),
(33, 1, 3, 'Instituto Tecnológico Superior de Hopelchén'),
(34, 1, 3, 'Universidad Tecnológica de Calakmul'),
(35, 1, 5, 'Universidad Tecnológica de Campeche'),
(36, 1, 3, 'Universidad Tecnológica de Candelaria'),
(37, 1, 3, 'Fundación Pablo García'),
(38, 1, 3, 'Secretaría de Finanzas'),
(39, 1, 3, 'Secretaría de la Contraloría'),
(40, 1, 3, 'Secretaría de Medio Ambiente y Recursos Naturales'),
(41, 1, 3, 'Promotora para la Conservación y Desarrollo Sustentable del Estado de Campeche'),
(42, 1, 3, 'Secretaría de Pesca y Acuacultura'),
(43, 1, 3, 'Secretaría de Planeación'),
(44, 1, 3, 'Instituto de Información Estadística, Geográfica y Catastral del Estado de Campeche'),
(45, 1, 3, 'Secretaría de Protección Civil'),
(46, 1, 3, 'Secretaría de Salud'),
(47, 1, 3, 'Hospital Dr. Manuel Campos'),
(48, 1, 3, 'Hospital Psiquiátrico de Campeche'),
(49, 1, 3, 'Instituto de Servicios Descentralizados de Salud Pública del Estado de Campeche'),
(50, 1, 3, 'Régimen Estatal de Protección Social en Salud'),
(51, 1, 3, 'Sistema de Atención a Niños, Niñas y Adolescentes Farmacodependientes del Estado de Campeche “Vida Nueva”'),
(52, 1, 3, 'Sistema para el Desarrollo Integral de la Familia del Estado de Campeche'),
(53, 1, 3, 'Secretaría de Seguridad Pública'),
(54, 1, 3, 'Secretaría del Trabajo y Previsión Social'),
(55, 1, 3, 'Secretaría de Turismo'),
(56, 1, 3, 'Promotora de Eventos Artísticos, Culturales y de Convenciones del Estado de Campeche'),
(57, 1, 3, 'Secretaría General de Gobierno'),
(58, 1, 3, 'Instituto de Acceso a la Justicia del Estado de Campeche'),
(59, 1, 3, 'Sistema de Televisión y Radio de Campeche'),
(60, 3, 3, 'Congreso del Estado de Campeche'),
(61, 3, 3, 'Auditoría Superior del Estado de Campeche'),
(62, 4, 3, 'Tribunal Superior de Justicia del Estado de Campeche'),
(63, 2, 3, 'Ayuntamiento de Campeche '),
(64, 2, 3, 'Sistema Municipal para el Desarrollo Integral de la Familia de Campeche'),
(65, 2, 3, 'Sistema Municipal de Agua Potable y Alcantarillado de Campeche '),
(66, 2, 3, 'Junta Municipal de Alfredo V. Bonfil'),
(67, 2, 3, 'Junta Municipal de Hampolol '),
(68, 2, 3, 'Junta Municipal de Pich '),
(69, 2, 3, 'Junta Municipal de Tixmucuy '),
(70, 2, 4, 'Ayuntamiento de Candelaria'),
(71, 2, 4, 'Sistema Municipal para el Desarrollo Integral de la Familia de Candelaria'),
(72, 2, 4, 'Junta Municipal de Miguel Hidalgo '),
(73, 2, 4, 'Junta Municipal de Monclova'),
(74, 2, 6, 'Ayuntamiento de Champotón'),
(75, 2, 6, 'Sistema Municipal para el Desarrollo Integral de la Familia de Champotón'),
(76, 2, 6, 'Junta Municipal de Felipe Carrillo Puerto '),
(77, 2, 6, 'Junta Municipal de Hool '),
(78, 2, 6, 'Junta Municipal de Seybaplaya'),
(79, 2, 6, 'Junta Municipal de Sihochac '),
(80, 2, 9, 'Ayuntamiento de Hopelchén'),
(81, 2, 9, 'Sistema Municipal para el Desarrollo Integral de la Familia de Hopelchén'),
(82, 2, 9, 'Junta Municipal de Bolonchén de Rejón '),
(83, 2, 9, 'Junta Municipal de Dzibalchén'),
(84, 2, 9, 'Junta Municipal de Ukum '),
(85, 2, 2, 'Ayuntamiento de Calkiní'),
(86, 2, 2, 'Sistema Municipal para el Desarrollo Integral de la Familia de Calkiní'),
(87, 2, 2, 'Junta Municipal de Bécal'),
(88, 2, 2, 'Junta Municipal de Dzitbalché '),
(89, 2, 2, 'Junta Municipal de Nunkiní '),
(90, 2, 11, 'Ayuntamiento de Tenabo'),
(91, 2, 11, 'Sistema Municipal para el Desarrollo Integral de la Familia de Tenabo'),
(92, 2, 3, 'Junta Municipal de Tinún '),
(93, 2, 8, 'Ayuntamiento de Hecelchakán'),
(94, 2, 8, 'Sistema Municipal para el Desarrollo Integral de la Familia de Hecelchakán'),
(95, 2, 8, 'Junta Municipal de Pomuch '),
(96, 2, 10, 'Ayuntamiento de Palizada'),
(97, 2, 10, 'Sistema Municipal para el Desarrollo Integral de la Familia de Palizada'),
(98, 2, 5, 'Ayuntamiento de Carmen'),
(99, 2, 5, 'Sistema Municipal para el Desarrollo Integral de la Familia de Carmen'),
(100, 2, 5, 'Sistema Municipal de Agua Potable y Alcantarillado de Carmen'),
(101, 2, 5, 'Instituto del Deporte y de la Juventud de Carmen'),
(102, 2, 5, 'Instituto Municipal de la Mujer de Carmen'),
(103, 2, 5, 'Instituto Municipal de la Vivienda de Carmen'),
(104, 2, 5, 'Instituto Municipal de Planeación de Carmen'),
(105, 2, 5, 'Junta Municipal de Atasta del Municipio de Carmen'),
(106, 2, 5, 'Junta Municipal de Mamantel del Municipio de Carmen'),
(107, 2, 5, 'Junta Municipal de Sabancuy del Municipio de Carmen'),
(108, 2, 7, 'Ayuntamiento de Escárcega'),
(109, 2, 7, 'Sistema Municipal para el Desarrollo Integral de la Familia de Escárcega'),
(110, 2, 7, 'Sistema Municipal de Agua Potable y Alcantarillado de Escárcega'),
(111, 2, 7, 'Junta Municipal de Centenario del Municipio de Escárcega'),
(112, 2, 7, 'Junta Municipal de División del Norte del Municipio de Escárcega'),
(113, 2, 1, 'Ayuntamiento de Calakmul'),
(114, 2, 1, 'Sistema Municipal para el Desarrollo Integral de la Familia de Calakmul'),
(115, 2, 1, 'Junta Municipal de Constitución del Municipio de Calakmul'),
(116, 5, 3, 'Comisión de Derechos Humanos del Estado de Campeche'),
(117, 5, 3, 'Comisión de Transparencia y Acceso a la Información Pública del Estado de Campeche'),
(118, 5, 3, 'Fiscalía Especializada en Combate a la Corrupción del Estado de Campeche'),
(119, 5, 3, 'Instituto Electoral del Estado de Campeche'),
(120, 5, 3, 'Tribunal de Justicia Administrativa del Estado de Campeche'),
(121, 5, 3, 'Tribunal Electoral del Estado de Campeche'),
(122, 7, 3, 'Morena'),
(123, 7, 3, 'Movimiento Ciudadano'),
(124, 7, 3, 'Partido Acción Nacional'),
(125, 7, 3, 'Partido de la Revolución Democrática'),
(126, 7, 3, 'Partido del Trabajo'),
(127, 7, 3, 'Partido Revolucionario Institucional'),
(128, 7, 3, 'Partido Verde Ecologista de México'),
(129, 8, 3, 'Fideicomiso de Inversión del Impuesto del 2% sobre Nóminas del Estado de Campeche'),
(130, 8, 3, 'Fondo Campeche'),
(131, 8, 3, 'Fondo Estatal de Fomento Industrial del Estado de Campeche'),
(132, 9, 3, 'Junta Local de Conciliación y Arbitraje del Estado de Campeche'),
(133, 6, 3, 'Instituto Campechano'),
(134, 6, 3, 'Universidad Autónoma de Campeche'),
(135, 6, 5, 'Universidad Autónoma del Carmen'),
(136, 10, 3, 'Sindicato Único de Personal Académico de la Universidad Autónoma de Campeche'),
(137, 10, 3, 'Sindicato Único de Personal Docente del Colegio de Educación Profesional Técnica del Estado de Campeche'),
(138, 10, 3, 'Sindicato Único de Trabajadores Académicos, Administrativos y Manuales del Instituto Campechano'),
(139, 10, 3, 'Sindicato Único de Trabajadores Administrativos, de Intendencia y Similares de la Universidad Autónoma de Campeche'),
(140, 10, 3, 'Sindicato Único de Trabajadores al Servicio de los Poderes, Municipios e Instituciones Descentralizadas del Estado de Campeche'),
(141, 10, 3, 'Sindicato Único de Trabajadores al Servicio del Gobierno Municipal'),
(142, 10, 5, 'Sindicato Único de Trabajadores de la Universidad Tecnológica de Campeche'),
(143, 10, 3, 'Sindicato Único de Trabajadores del Colegio de Bachilleres del Estado de Campeche'),
(144, 10, 3, 'Sindicato Único de Trabajadores del Colegio de Estudios Científicos y Tecnológicos del Estado de Campeche'),
(145, 10, 3, 'Sindicato Único del Personal Académico, Administrativo, Manual y Apoyo del Colegio de Estudios Científicos y Tecnológicos del Estado de Campeche'),
(146, 10, 5, 'Sindicato Único de Trabajadores de la Universidad Autónoma del Carmen'),
(147, 0, 3, 'Administrador General del Sistema'),
(148, 1, 3, 'Secretaría Ejecutiva del Sistema Anticorruoción del Estado de Campeche');

-- --------------------------------------------------------

--
-- Estructura de tabla para la tabla `t_oc`
--

CREATE TABLE `t_oc` (
  `id_tap_oc` int(6) NOT NULL,
  `ejercicio_oc` int(4) NOT NULL,
  `id_so_oc` int(3) NOT NULL,
  `id_categoria_so_oc` int(2) NOT NULL,
  `id_fc_oc` int(3) NOT NULL,
  `aplica_oc` int(2) NOT NULL,
  `justificacion_so_oc` text COLLATE utf8_spanish_ci NOT NULL
) ENGINE=InnoDB DEFAULT CHARSET=utf8 COLLATE=utf8_spanish_ci;

--
-- Volcado de datos para la tabla `t_oc`
--

INSERT INTO `t_oc` (`id_tap_oc`, `ejercicio_oc`, `id_so_oc`, `id_categoria_so_oc`, `id_fc_oc`, `aplica_oc`, `justificacion_so_oc`) VALUES
(1, 2021, 1, 1, 1, 1, ''),
(2, 2021, 1, 1, 2, 1, ''),
(3, 2021, 1, 1, 3, 1, ''),
(4, 2021, 1, 1, 4, 1, ''),
(5, 2021, 1, 1, 5, 1, ''),
(6, 2021, 1, 1, 6, 1, ''),
(7, 2021, 1, 1, 7, 1, ''),
(8, 2021, 1, 1, 8, 1, ''),
(9, 2021, 1, 1, 9, 1, ''),
(10, 2021, 1, 1, 10, 1, ''),
(11, 2021, 1, 1, 11, 1, ''),
(12, 2021, 1, 1, 12, 1, ''),
(13, 2021, 1, 1, 13, 1, ''),
(14, 2021, 1, 1, 14, 1, ''),
(15, 2021, 1, 1, 15, 1, ''),
(16, 2021, 1, 1, 16, 1, ''),
(17, 2021, 1, 1, 17, 1, ''),
(18, 2021, 1, 1, 18, 1, ''),
(19, 2021, 1, 1, 19, 1, ''),
(20, 2021, 1, 1, 20, 1, ''),
(21, 2021, 1, 1, 21, 1, ''),
(22, 2021, 1, 1, 22, 1, ''),
(23, 2021, 1, 1, 23, 1, ''),
(24, 2021, 1, 1, 24, 1, ''),
(25, 2021, 1, 1, 25, 1, ''),
(26, 2021, 1, 1, 26, 1, ''),
(27, 2021, 1, 1, 27, 1, ''),
(28, 2021, 1, 1, 28, 1, ''),
(29, 2021, 1, 1, 29, 1, ''),
(30, 2021, 1, 1, 30, 1, ''),
(31, 2021, 1, 1, 31, 1, ''),
(32, 2021, 1, 1, 32, 1, ''),
(33, 2021, 1, 1, 33, 1, ''),
(34, 2021, 1, 1, 34, 1, ''),
(35, 2021, 1, 1, 35, 1, ''),
(36, 2021, 1, 1, 36, 1, ''),
(37, 2021, 1, 1, 37, 1, ''),
(38, 2021, 1, 1, 38, 1, ''),
(39, 2021, 1, 1, 39, 1, ''),
(40, 2021, 1, 1, 40, 1, ''),
(41, 2021, 1, 1, 41, 1, ''),
(42, 2021, 1, 1, 42, 1, ''),
(43, 2021, 1, 1, 43, 1, ''),
(44, 2021, 1, 1, 44, 1, ''),
(45, 2021, 1, 1, 45, 1, ''),
(46, 2021, 1, 1, 46, 1, ''),
(47, 2021, 1, 1, 47, 1, ''),
(48, 2021, 1, 1, 48, 1, ''),
(49, 2021, 1, 1, 49, 1, ''),
(99, 2022, 1, 1, 1, 1, ''),
(100, 2022, 1, 1, 2, 1, ''),
(101, 2022, 1, 1, 3, 0, 'No aplica 2022'),
(102, 2022, 1, 1, 4, 0, 'No debe aplicar 2022'),
(103, 2022, 1, 1, 5, 0, 'No aplica 2022'),
(104, 2022, 1, 1, 6, 1, ''),
(105, 2022, 1, 1, 7, 1, ''),
(106, 2022, 1, 1, 8, 1, ''),
(107, 2022, 1, 1, 9, 1, ''),
(108, 2022, 1, 1, 10, 1, ''),
(109, 2022, 1, 1, 11, 1, ''),
(110, 2022, 1, 1, 12, 1, ''),
(111, 2022, 1, 1, 13, 1, ''),
(112, 2022, 1, 1, 14, 1, ''),
(113, 2022, 1, 1, 15, 1, ''),
(114, 2022, 1, 1, 16, 1, ''),
(115, 2022, 1, 1, 17, 1, ''),
(116, 2022, 1, 1, 18, 1, ''),
(117, 2022, 1, 1, 19, 1, ''),
(118, 2022, 1, 1, 20, 1, ''),
(119, 2022, 1, 1, 21, 1, ''),
(120, 2022, 1, 1, 22, 1, ''),
(121, 2022, 1, 1, 23, 1, ''),
(122, 2022, 1, 1, 24, 1, ''),
(123, 2022, 1, 1, 25, 1, ''),
(124, 2022, 1, 1, 26, 1, ''),
(125, 2022, 1, 1, 27, 1, ''),
(126, 2022, 1, 1, 28, 1, ''),
(127, 2022, 1, 1, 29, 1, ''),
(128, 2022, 1, 1, 30, 1, ''),
(129, 2022, 1, 1, 31, 1, ''),
(130, 2022, 1, 1, 32, 1, ''),
(131, 2022, 1, 1, 33, 1, ''),
(132, 2022, 1, 1, 34, 1, ''),
(133, 2022, 1, 1, 35, 1, ''),
(134, 2022, 1, 1, 36, 1, ''),
(135, 2022, 1, 1, 37, 1, ''),
(136, 2022, 1, 1, 38, 1, ''),
(137, 2022, 1, 1, 39, 1, ''),
(138, 2022, 1, 1, 40, 1, ''),
(139, 2022, 1, 1, 41, 1, ''),
(140, 2022, 1, 1, 42, 1, ''),
(141, 2022, 1, 1, 43, 1, ''),
(142, 2022, 1, 1, 44, 1, ''),
(143, 2022, 1, 1, 45, 1, ''),
(144, 2022, 1, 1, 46, 1, ''),
(145, 2022, 1, 1, 47, 1, ''),
(146, 2022, 1, 1, 48, 1, ''),
(147, 2022, 1, 1, 49, 1, ''),
(197, 2021, 121, 5, 1, 1, ''),
(198, 2021, 121, 5, 2, 1, ''),
(199, 2021, 121, 5, 3, 1, ''),
(200, 2021, 121, 5, 4, 1, ''),
(201, 2021, 121, 5, 5, 1, ''),
(202, 2021, 121, 5, 6, 1, ''),
(203, 2021, 121, 5, 7, 1, ''),
(204, 2021, 121, 5, 8, 1, ''),
(205, 2021, 121, 5, 9, 1, ''),
(206, 2021, 121, 5, 10, 1, ''),
(207, 2021, 121, 5, 11, 1, ''),
(208, 2021, 121, 5, 12, 1, ''),
(209, 2021, 121, 5, 13, 1, ''),
(210, 2021, 121, 5, 14, 1, ''),
(211, 2021, 121, 5, 15, 1, ''),
(212, 2021, 121, 5, 16, 1, ''),
(213, 2021, 121, 5, 17, 1, ''),
(214, 2021, 121, 5, 18, 1, ''),
(215, 2021, 121, 5, 19, 1, ''),
(216, 2021, 121, 5, 20, 1, ''),
(217, 2021, 121, 5, 21, 1, ''),
(218, 2021, 121, 5, 22, 1, ''),
(219, 2021, 121, 5, 23, 1, ''),
(220, 2021, 121, 5, 24, 1, ''),
(221, 2021, 121, 5, 25, 1, ''),
(222, 2021, 121, 5, 26, 1, ''),
(223, 2021, 121, 5, 27, 1, ''),
(224, 2021, 121, 5, 28, 1, ''),
(225, 2021, 121, 5, 29, 1, ''),
(226, 2021, 121, 5, 30, 1, ''),
(227, 2021, 121, 5, 31, 1, ''),
(228, 2021, 121, 5, 32, 1, ''),
(229, 2021, 121, 5, 33, 1, ''),
(230, 2021, 121, 5, 34, 1, ''),
(231, 2021, 121, 5, 35, 1, ''),
(232, 2021, 121, 5, 36, 1, ''),
(233, 2021, 121, 5, 37, 1, ''),
(234, 2021, 121, 5, 38, 1, ''),
(235, 2021, 121, 5, 39, 1, ''),
(236, 2021, 121, 5, 40, 1, ''),
(237, 2021, 121, 5, 41, 1, ''),
(238, 2021, 121, 5, 42, 1, ''),
(239, 2021, 121, 5, 43, 1, ''),
(240, 2021, 121, 5, 44, 1, ''),
(241, 2021, 121, 5, 45, 1, ''),
(242, 2021, 121, 5, 46, 1, ''),
(243, 2021, 121, 5, 47, 1, ''),
(244, 2021, 121, 5, 48, 1, ''),
(245, 2021, 121, 5, 49, 1, '');

-- --------------------------------------------------------

--
-- Estructura de tabla para la tabla `t_oesp_aayjml`
--

CREATE TABLE `t_oesp_aayjml` (
  `id_tap_aayjml` int(4) NOT NULL,
  `ejercicio_aayjml` int(4) NOT NULL,
  `id_so_tap_aayjml` int(3) NOT NULL,
  `id_categoria_so_aayjml` int(2) NOT NULL,
  `id_oe_aayjml` int(3) NOT NULL,
  `aplica_aayjml` int(2) NOT NULL,
  `just_so_oesp` text COLLATE utf8_spanish_ci NOT NULL
) ENGINE=InnoDB DEFAULT CHARSET=utf8 COLLATE=utf8_spanish_ci;

-- --------------------------------------------------------

--
-- Estructura de tabla para la tabla `t_oesp_esda`
--

CREATE TABLE `t_oesp_esda` (
  `id_tap_esda` int(4) NOT NULL,
  `ejercicio_esda` int(4) NOT NULL,
  `id_so_tap_esda` int(3) NOT NULL,
  `id_categoria_so_esda` int(2) NOT NULL,
  `id_oe_esda` int(3) NOT NULL,
  `aplica_esda` int(2) NOT NULL,
  `just_so_oesp` text COLLATE utf8_spanish_ci NOT NULL
) ENGINE=InnoDB DEFAULT CHARSET=utf8 COLLATE=utf8_spanish_ci;

-- --------------------------------------------------------

--
-- Estructura de tabla para la tabla `t_oesp_ffp`
--

CREATE TABLE `t_oesp_ffp` (
  `id_tap_ffp` int(4) NOT NULL,
  `ejercicio_ffp` int(4) NOT NULL,
  `id_so_tap_ffp` int(3) NOT NULL,
  `id_categoria_so_ffp` int(2) NOT NULL,
  `id_oe_ffp` int(3) NOT NULL,
  `aplica_ffp` int(2) NOT NULL,
  `just_so_oesp` text COLLATE utf8_spanish_ci NOT NULL
) ENGINE=InnoDB DEFAULT CHARSET=utf8 COLLATE=utf8_spanish_ci;

-- --------------------------------------------------------

--
-- Estructura de tabla para la tabla `t_oesp_muni`
--

CREATE TABLE `t_oesp_muni` (
  `id_tap_muni` int(4) NOT NULL,
  `ejercicio_muni` int(4) NOT NULL,
  `id_so_tap_muni` int(3) NOT NULL,
  `id_categoría_so_muni` int(2) NOT NULL,
  `id_oe_muni` int(3) NOT NULL,
  `aplica_muni` int(2) NOT NULL,
  `just_so_oesp` text COLLATE utf8_spanish_ci NOT NULL
) ENGINE=InnoDB DEFAULT CHARSET=utf8 COLLATE=utf8_spanish_ci;

-- --------------------------------------------------------

--
-- Estructura de tabla para la tabla `t_oesp_oa`
--

CREATE TABLE `t_oesp_oa` (
  `id_tap_oa` int(11) NOT NULL,
  `ejercicio_oa` int(11) NOT NULL,
  `id_so_tap_oa` int(11) NOT NULL,
  `id_categoria_so_oa` int(11) NOT NULL,
  `id_oe_oa` int(3) NOT NULL,
  `aplica_oa` int(2) NOT NULL,
  `just_so_oesp` text COLLATE utf8_spanish_ci NOT NULL
) ENGINE=InnoDB DEFAULT CHARSET=utf8 COLLATE=utf8_spanish_ci;

-- --------------------------------------------------------

--
-- Estructura de tabla para la tabla `t_oesp_pejec`
--

CREATE TABLE `t_oesp_pejec` (
  `id_tap_pejec` int(4) NOT NULL,
  `ejercicio_pejec` int(4) NOT NULL,
  `id_so_tap_pejec` int(3) NOT NULL,
  `id_categoría_so_pejec` int(2) NOT NULL,
  `id_oe_pe` int(3) NOT NULL,
  `aplica_oesp` int(2) NOT NULL,
  `just_so_oesp` text COLLATE utf8_spanish_ci NOT NULL
) ENGINE=InnoDB DEFAULT CHARSET=utf8 COLLATE=utf8_spanish_ci;

--
-- Volcado de datos para la tabla `t_oesp_pejec`
--

INSERT INTO `t_oesp_pejec` (`id_tap_pejec`, `ejercicio_pejec`, `id_so_tap_pejec`, `id_categoría_so_pejec`, `id_oe_pe`, `aplica_oesp`, `just_so_oesp`) VALUES
(1, 2021, 1, 1, 50, 1, ''),
(2, 2021, 1, 1, 51, 1, ''),
(3, 2021, 1, 1, 52, 1, ''),
(4, 2021, 1, 1, 53, 1, ''),
(5, 2021, 1, 1, 54, 1, ''),
(6, 2021, 1, 1, 55, 1, ''),
(7, 2021, 1, 1, 56, 1, ''),
(15, 2022, 1, 1, 50, 0, 'No aplicara 2022'),
(16, 2022, 1, 1, 51, 0, 'Tal vez aplique 2022'),
(17, 2022, 1, 1, 52, 1, ''),
(18, 2022, 1, 1, 53, 1, ''),
(19, 2022, 1, 1, 54, 1, ''),
(20, 2022, 1, 1, 55, 1, ''),
(21, 2022, 1, 1, 56, 0, 'No aplicara 2022');

-- --------------------------------------------------------

--
-- Estructura de tabla para la tabla `t_oesp_pjud`
--

CREATE TABLE `t_oesp_pjud` (
  `id_tap_pjud` int(4) NOT NULL,
  `ejercicio_pjud` int(4) NOT NULL,
  `id_so_tap_pjud` int(3) NOT NULL,
  `id_categoría_so_pjud` int(2) NOT NULL,
  `id_oe_pjud` int(3) NOT NULL,
  `aplica_pjud` int(2) NOT NULL,
  `just_so_oesp` text COLLATE utf8_spanish_ci NOT NULL
) ENGINE=InnoDB DEFAULT CHARSET=utf8 COLLATE=utf8_spanish_ci;

-- --------------------------------------------------------

--
-- Estructura de tabla para la tabla `t_oesp_pleg`
--

CREATE TABLE `t_oesp_pleg` (
  `id_tap_pleg` int(4) NOT NULL,
  `ejercicio_pleg` int(4) NOT NULL,
  `id_so_tap_pleg` int(3) NOT NULL,
  `id_categoría_so_pleg` int(2) NOT NULL,
  `id_oe_pleg` int(3) NOT NULL,
  `aplica_pleg` int(2) NOT NULL,
  `just_so_oesp` text COLLATE utf8_spanish_ci NOT NULL
) ENGINE=InnoDB DEFAULT CHARSET=utf8 COLLATE=utf8_spanish_ci;

-- --------------------------------------------------------

--
-- Estructura de tabla para la tabla `t_oesp_pp`
--

CREATE TABLE `t_oesp_pp` (
  `id_tap_pp` int(4) NOT NULL,
  `ejercicio_pp` int(4) NOT NULL,
  `id_so_tap_pp` int(3) NOT NULL,
  `id_categoria_so_pp` int(2) NOT NULL,
  `id_oe_pp` int(3) NOT NULL,
  `aplica_pp` int(2) NOT NULL,
  `just_so_oesp` text COLLATE utf8_spanish_ci NOT NULL
) ENGINE=InnoDB DEFAULT CHARSET=utf8 COLLATE=utf8_spanish_ci;

-- --------------------------------------------------------

--
-- Estructura de tabla para la tabla `t_oesp_sind`
--

CREATE TABLE `t_oesp_sind` (
  `id_tap_sind` int(4) NOT NULL,
  `ejercicio_sind` int(4) NOT NULL,
  `id_so_tap_sind` int(3) NOT NULL,
  `id_categoria_so_sind` int(2) NOT NULL,
  `id_oe_sind` int(3) NOT NULL,
  `aplica_sind` int(2) NOT NULL,
  `just_so_oesp` text COLLATE utf8_spanish_ci NOT NULL
) ENGINE=InnoDB DEFAULT CHARSET=utf8 COLLATE=utf8_spanish_ci;

-- --------------------------------------------------------

--
-- Estructura de tabla para la tabla `usuarios`
--

CREATE TABLE `usuarios` (
  `id_user` int(3) NOT NULL,
  `nivel_user` int(1) NOT NULL,
  `id_cat_user` int(2) NOT NULL,
  `id_so_user` int(2) NOT NULL,
  `id_ubicacion_user` int(2) NOT NULL,
  `nombre_user` varchar(100) COLLATE utf8_spanish_ci NOT NULL,
  `ap_p` varchar(50) COLLATE utf8_spanish_ci NOT NULL,
  `ap_m` varchar(50) COLLATE utf8_spanish_ci NOT NULL,
  `correo` varchar(100) COLLATE utf8_spanish_ci NOT NULL,
  `usuario` varchar(30) COLLATE utf8_spanish_ci NOT NULL,
  `password` varchar(30) COLLATE utf8_spanish_ci NOT NULL,
  `user_activo` int(1) NOT NULL
) ENGINE=InnoDB DEFAULT CHARSET=utf8 COLLATE=utf8_spanish_ci;

--
-- Volcado de datos para la tabla `usuarios`
--

INSERT INTO `usuarios` (`id_user`, `nivel_user`, `id_cat_user`, `id_so_user`, `id_ubicacion_user`, `nombre_user`, `ap_p`, `ap_m`, `correo`, `usuario`, `password`, `user_activo`) VALUES
(5, 1, 5, 117, 3, 'Jeny', 'X', 'X', 'JENY@VVV.COM', 'cotaipec', 'Dx7UxxHC+COaSY0FV7ning==', 1),
(6, 1, 2, 113, 1, 'Lic. Jorge Pedro', 'Hernández ', 'Estrada', 'herdandez@correo.com.mx', 'calakmul', 'iGBikoa4kLashX3YoeFDag==', 1),
(7, 1, 1, 8, 3, 'Marcella', 'Couppens', 'Chab', 'mcoupecn@gmail.com', 'secult', 'iGBikoa4kLashX3YoeFDag==', 1),
(10, 1, 8, 130, 3, 'Usuario ', 'No ', 'Identificado', 'correo@correo.gob', 'focam', 'iGBikoa4kLashX3YoeFDag==', 1),
(13, 1, 1, 15, 3, 'Ricardo Manuel', 'Chi', 'Gallardo', 'rgallardo@cotaipec.org.mx', 'codesvi', 'iGBikoa4kLashX3YoeFDag==', 1),
(14, 1, 3, 61, 3, 'Mary', 'Mary', 'Mary', 'mary@mary.com', 'asecam', 'iGBikoa4kLashX3YoeFDag==', 1),
(15, 1, 4, 62, 3, 'Josefa', 'Perez', 'Prado', 'prado@correo.mx', 'pjud', 'iGBikoa4kLashX3YoeFDag==', 1),
(16, 1, 5, 116, 3, 'Martha', 'Estrada', 'Perera', 'marta@codehcam.org.mx', 'codehcam', 'iGBikoa4kLashX3YoeFDag==', 1),
(17, 1, 5, 119, 3, 'Mauricio', 'Berzunza', 'x', 'mau@ieec.org.mx', 'ieec', 'iGBikoa4kLashX3YoeFDag==', 1),
(18, 1, 6, 133, 3, 'Paloma', 'García', 'Perera', 'paloma@instcamp.og', 'ic', 'iGBikoa4kLashX3YoeFDag==', 1),
(19, 1, 7, 122, 3, 'Juan', 'Pérez', 'Prado', 'correo@correo.com', 'morena', 'iGBikoa4kLashX3YoeFDag==', 1),
(20, 1, 9, 132, 3, 'Juan', 'Pavón', 'Pavón', 'jpavon@correo.mx', 'jlcacam', 'iGBikoa4kLashX3YoeFDag==', 1),
(21, 1, 10, 136, 3, 'Juan ', 'perez', 'prado', 'correo@correo.com', 'supauac', 'iGBikoa4kLashX3YoeFDag==', 1),
(22, 2, 0, 147, 3, 'Administrador', 'General', 'del Sistema', 'rgallardo@cotaipec.org.mx', 'root', 'EK5Rb9x+XLHP+wK0G5FgbQ==', 1),
(23, 1, 1, 1, 3, 'User Api', 'User Api', 'User Api', 'api@correo.com', 'api', 'iGBikoa4kLashX3YoeFDag==', 1),
(24, 1, 2, 85, 2, 'asdfads', 'fasdfasdf', 'dfasdf', 'asdfadsf@sdfgsfdgs.edfs', 'calkini', 'iGBikoa4kLashX3YoeFDag==', 1),
(25, 1, 3, 60, 3, 'asdfads', 'asdfads', 'fadsfadsf', 'asdfasdfa@gogo.com', 'congreso', 'iGBikoa4kLashX3YoeFDag==', 1),
(26, 1, 5, 121, 3, 'asdfasd', 'asdfasd', 'asdfa', 'asdfasdf@sfadsfads.com', 'teec', 'iGBikoa4kLashX3YoeFDag==', 1),
(27, 1, 2, 63, 3, 'user', 'user', 'user', 'user@user.com', 'campeche', 'iGBikoa4kLashX3YoeFDag==', 1);

--
-- Índices para tablas volcadas
--

--
-- Indices de la tabla `acuse`
--
ALTER TABLE `acuse`
  ADD PRIMARY KEY (`id_acuse`);

--
-- Indices de la tabla `articulos`
--
ALTER TABLE `articulos`
  ADD PRIMARY KEY (`id_articulo`);

--
-- Indices de la tabla `ayuntamientos`
--
ALTER TABLE `ayuntamientos`
  ADD PRIMARY KEY (`id_ayuntamiento`);

--
-- Indices de la tabla `categorias`
--
ALTER TABLE `categorias`
  ADD PRIMARY KEY (`id_categoria`);

--
-- Indices de la tabla `ci_session`
--
ALTER TABLE `ci_session`
  ADD KEY `ci_sessions_timestamp` (`timestamp`);

--
-- Indices de la tabla `control_tap`
--
ALTER TABLE `control_tap`
  ADD PRIMARY KEY (`id_control`),
  ADD KEY `cat_control` (`cat_control`),
  ADD KEY `id_so_control` (`id_so_control`);

--
-- Indices de la tabla `estatus_user`
--
ALTER TABLE `estatus_user`
  ADD PRIMARY KEY (`id_status`);

--
-- Indices de la tabla `fracciones`
--
ALTER TABLE `fracciones`
  ADD PRIMARY KEY (`id_fraccion`),
  ADD KEY `id_articulo` (`id_articulo`);

--
-- Indices de la tabla `incisos`
--
ALTER TABLE `incisos`
  ADD PRIMARY KEY (`id_inciso`),
  ADD KEY `incisos_ibfk_1` (`id_articulo`),
  ADD KEY `id_fraccion` (`id_fraccion`);

--
-- Indices de la tabla `nivel_usr`
--
ALTER TABLE `nivel_usr`
  ADD PRIMARY KEY (`id_nivel_usr`);

--
-- Indices de la tabla `sujetos_obligados`
--
ALTER TABLE `sujetos_obligados`
  ADD PRIMARY KEY (`id_so`),
  ADD KEY `id_categoria_so` (`id_categoria_so`),
  ADD KEY `id_municipio_so` (`id_municipio_so`);

--
-- Indices de la tabla `t_oc`
--
ALTER TABLE `t_oc`
  ADD PRIMARY KEY (`id_tap_oc`),
  ADD KEY `id_fc_oc` (`id_fc_oc`),
  ADD KEY `id_so_oc` (`id_so_oc`);

--
-- Indices de la tabla `t_oesp_aayjml`
--
ALTER TABLE `t_oesp_aayjml`
  ADD PRIMARY KEY (`id_tap_aayjml`);

--
-- Indices de la tabla `t_oesp_esda`
--
ALTER TABLE `t_oesp_esda`
  ADD PRIMARY KEY (`id_tap_esda`);

--
-- Indices de la tabla `t_oesp_ffp`
--
ALTER TABLE `t_oesp_ffp`
  ADD PRIMARY KEY (`id_tap_ffp`);

--
-- Indices de la tabla `t_oesp_muni`
--
ALTER TABLE `t_oesp_muni`
  ADD PRIMARY KEY (`id_tap_muni`),
  ADD KEY `id_oe_muni` (`id_oe_muni`),
  ADD KEY `id_so_tap_muni` (`id_so_tap_muni`);

--
-- Indices de la tabla `t_oesp_oa`
--
ALTER TABLE `t_oesp_oa`
  ADD PRIMARY KEY (`id_tap_oa`),
  ADD KEY `id_oe_oa` (`id_oe_oa`),
  ADD KEY `id_so_tap_oa` (`id_so_tap_oa`);

--
-- Indices de la tabla `t_oesp_pejec`
--
ALTER TABLE `t_oesp_pejec`
  ADD PRIMARY KEY (`id_tap_pejec`),
  ADD KEY `id_oe_pe` (`id_oe_pe`),
  ADD KEY `id_so_tap_pejec` (`id_so_tap_pejec`);

--
-- Indices de la tabla `t_oesp_pjud`
--
ALTER TABLE `t_oesp_pjud`
  ADD PRIMARY KEY (`id_tap_pjud`),
  ADD KEY `id_oe_pjud` (`id_oe_pjud`),
  ADD KEY `id_so_tap_pjud` (`id_so_tap_pjud`);

--
-- Indices de la tabla `t_oesp_pleg`
--
ALTER TABLE `t_oesp_pleg`
  ADD PRIMARY KEY (`id_tap_pleg`),
  ADD KEY `id_oe_pleg` (`id_oe_pleg`),
  ADD KEY `id_so_tap_pleg` (`id_so_tap_pleg`);

--
-- Indices de la tabla `t_oesp_pp`
--
ALTER TABLE `t_oesp_pp`
  ADD PRIMARY KEY (`id_tap_pp`);

--
-- Indices de la tabla `t_oesp_sind`
--
ALTER TABLE `t_oesp_sind`
  ADD PRIMARY KEY (`id_tap_sind`);

--
-- Indices de la tabla `usuarios`
--
ALTER TABLE `usuarios`
  ADD PRIMARY KEY (`id_user`),
  ADD KEY `id_cat_user` (`id_cat_user`),
  ADD KEY `id_so_user` (`id_so_user`),
  ADD KEY `id_ubicacion_user` (`id_ubicacion_user`),
  ADD KEY `nivel_user` (`nivel_user`),
  ADD KEY `user_activo` (`user_activo`);

--
-- AUTO_INCREMENT de las tablas volcadas
--

--
-- AUTO_INCREMENT de la tabla `acuse`
--
ALTER TABLE `acuse`
  MODIFY `id_acuse` int(4) NOT NULL AUTO_INCREMENT;
--
-- AUTO_INCREMENT de la tabla `ayuntamientos`
--
ALTER TABLE `ayuntamientos`
  MODIFY `id_ayuntamiento` int(2) NOT NULL AUTO_INCREMENT, AUTO_INCREMENT=12;
--
-- AUTO_INCREMENT de la tabla `control_tap`
--
ALTER TABLE `control_tap`
  MODIFY `id_control` int(11) NOT NULL AUTO_INCREMENT, AUTO_INCREMENT=5;
--
-- AUTO_INCREMENT de la tabla `nivel_usr`
--
ALTER TABLE `nivel_usr`
  MODIFY `id_nivel_usr` int(2) NOT NULL AUTO_INCREMENT, AUTO_INCREMENT=3;
--
-- AUTO_INCREMENT de la tabla `sujetos_obligados`
--
ALTER TABLE `sujetos_obligados`
  MODIFY `id_so` int(3) NOT NULL AUTO_INCREMENT, AUTO_INCREMENT=149;
--
-- AUTO_INCREMENT de la tabla `t_oc`
--
ALTER TABLE `t_oc`
  MODIFY `id_tap_oc` int(6) NOT NULL AUTO_INCREMENT, AUTO_INCREMENT=246;
--
-- AUTO_INCREMENT de la tabla `t_oesp_aayjml`
--
ALTER TABLE `t_oesp_aayjml`
  MODIFY `id_tap_aayjml` int(4) NOT NULL AUTO_INCREMENT;
--
-- AUTO_INCREMENT de la tabla `t_oesp_esda`
--
ALTER TABLE `t_oesp_esda`
  MODIFY `id_tap_esda` int(4) NOT NULL AUTO_INCREMENT;
--
-- AUTO_INCREMENT de la tabla `t_oesp_ffp`
--
ALTER TABLE `t_oesp_ffp`
  MODIFY `id_tap_ffp` int(4) NOT NULL AUTO_INCREMENT;
--
-- AUTO_INCREMENT de la tabla `t_oesp_muni`
--
ALTER TABLE `t_oesp_muni`
  MODIFY `id_tap_muni` int(4) NOT NULL AUTO_INCREMENT;
--
-- AUTO_INCREMENT de la tabla `t_oesp_oa`
--
ALTER TABLE `t_oesp_oa`
  MODIFY `id_tap_oa` int(11) NOT NULL AUTO_INCREMENT;
--
-- AUTO_INCREMENT de la tabla `t_oesp_pejec`
--
ALTER TABLE `t_oesp_pejec`
  MODIFY `id_tap_pejec` int(4) NOT NULL AUTO_INCREMENT, AUTO_INCREMENT=22;
--
-- AUTO_INCREMENT de la tabla `t_oesp_pjud`
--
ALTER TABLE `t_oesp_pjud`
  MODIFY `id_tap_pjud` int(4) NOT NULL AUTO_INCREMENT;
--
-- AUTO_INCREMENT de la tabla `t_oesp_pleg`
--
ALTER TABLE `t_oesp_pleg`
  MODIFY `id_tap_pleg` int(4) NOT NULL AUTO_INCREMENT;
--
-- AUTO_INCREMENT de la tabla `t_oesp_pp`
--
ALTER TABLE `t_oesp_pp`
  MODIFY `id_tap_pp` int(4) NOT NULL AUTO_INCREMENT;
--
-- AUTO_INCREMENT de la tabla `t_oesp_sind`
--
ALTER TABLE `t_oesp_sind`
  MODIFY `id_tap_sind` int(4) NOT NULL AUTO_INCREMENT;
--
-- AUTO_INCREMENT de la tabla `usuarios`
--
ALTER TABLE `usuarios`
  MODIFY `id_user` int(3) NOT NULL AUTO_INCREMENT, AUTO_INCREMENT=28;
--
-- Restricciones para tablas volcadas
--

--
-- Filtros para la tabla `control_tap`
--
ALTER TABLE `control_tap`
  ADD CONSTRAINT `control_tap_ibfk_1` FOREIGN KEY (`cat_control`) REFERENCES `categorias` (`id_categoria`) ON DELETE NO ACTION ON UPDATE NO ACTION,
  ADD CONSTRAINT `control_tap_ibfk_2` FOREIGN KEY (`id_so_control`) REFERENCES `sujetos_obligados` (`id_so`) ON DELETE NO ACTION ON UPDATE NO ACTION;

--
-- Filtros para la tabla `fracciones`
--
ALTER TABLE `fracciones`
  ADD CONSTRAINT `fracciones_ibfk_1` FOREIGN KEY (`id_articulo`) REFERENCES `articulos` (`id_articulo`) ON DELETE NO ACTION ON UPDATE NO ACTION;

--
-- Filtros para la tabla `incisos`
--
ALTER TABLE `incisos`
  ADD CONSTRAINT `incisos_ibfk_1` FOREIGN KEY (`id_articulo`) REFERENCES `articulos` (`id_articulo`) ON DELETE NO ACTION ON UPDATE NO ACTION,
  ADD CONSTRAINT `incisos_ibfk_2` FOREIGN KEY (`id_fraccion`) REFERENCES `fracciones` (`id_fraccion`) ON DELETE NO ACTION ON UPDATE NO ACTION;

--
-- Filtros para la tabla `sujetos_obligados`
--
ALTER TABLE `sujetos_obligados`
  ADD CONSTRAINT `sujetos_obligados_ibfk_1` FOREIGN KEY (`id_categoria_so`) REFERENCES `categorias` (`id_categoria`) ON DELETE NO ACTION ON UPDATE NO ACTION,
  ADD CONSTRAINT `sujetos_obligados_ibfk_2` FOREIGN KEY (`id_municipio_so`) REFERENCES `ayuntamientos` (`id_ayuntamiento`) ON DELETE NO ACTION ON UPDATE NO ACTION;

--
-- Filtros para la tabla `t_oc`
--
ALTER TABLE `t_oc`
  ADD CONSTRAINT `t_oc_ibfk_1` FOREIGN KEY (`id_fc_oc`) REFERENCES `fracciones` (`id_fraccion`) ON DELETE NO ACTION ON UPDATE NO ACTION,
  ADD CONSTRAINT `t_oc_ibfk_2` FOREIGN KEY (`id_so_oc`) REFERENCES `sujetos_obligados` (`id_so`) ON DELETE NO ACTION ON UPDATE NO ACTION;

--
-- Filtros para la tabla `t_oesp_muni`
--
ALTER TABLE `t_oesp_muni`
  ADD CONSTRAINT `t_oesp_muni_ibfk_1` FOREIGN KEY (`id_oe_muni`) REFERENCES `fracciones` (`id_fraccion`) ON DELETE NO ACTION ON UPDATE NO ACTION,
  ADD CONSTRAINT `t_oesp_muni_ibfk_2` FOREIGN KEY (`id_so_tap_muni`) REFERENCES `sujetos_obligados` (`id_so`);

--
-- Filtros para la tabla `t_oesp_oa`
--
ALTER TABLE `t_oesp_oa`
  ADD CONSTRAINT `t_oesp_oa_ibfk_1` FOREIGN KEY (`id_oe_oa`) REFERENCES `fracciones` (`id_fraccion`) ON DELETE NO ACTION ON UPDATE NO ACTION,
  ADD CONSTRAINT `t_oesp_oa_ibfk_2` FOREIGN KEY (`id_so_tap_oa`) REFERENCES `sujetos_obligados` (`id_so`) ON DELETE NO ACTION ON UPDATE NO ACTION;

--
-- Filtros para la tabla `t_oesp_pejec`
--
ALTER TABLE `t_oesp_pejec`
  ADD CONSTRAINT `t_oesp_pejec_ibfk_1` FOREIGN KEY (`id_oe_pe`) REFERENCES `fracciones` (`id_fraccion`),
  ADD CONSTRAINT `t_oesp_pejec_ibfk_2` FOREIGN KEY (`id_so_tap_pejec`) REFERENCES `sujetos_obligados` (`id_so`);

--
-- Filtros para la tabla `t_oesp_pjud`
--
ALTER TABLE `t_oesp_pjud`
  ADD CONSTRAINT `t_oesp_pjud_ibfk_1` FOREIGN KEY (`id_oe_pjud`) REFERENCES `fracciones` (`id_fraccion`) ON DELETE NO ACTION ON UPDATE NO ACTION,
  ADD CONSTRAINT `t_oesp_pjud_ibfk_2` FOREIGN KEY (`id_so_tap_pjud`) REFERENCES `sujetos_obligados` (`id_so`) ON DELETE NO ACTION ON UPDATE NO ACTION;

--
-- Filtros para la tabla `t_oesp_pleg`
--
ALTER TABLE `t_oesp_pleg`
  ADD CONSTRAINT `t_oesp_pleg_ibfk_1` FOREIGN KEY (`id_oe_pleg`) REFERENCES `fracciones` (`id_fraccion`) ON DELETE NO ACTION ON UPDATE NO ACTION,
  ADD CONSTRAINT `t_oesp_pleg_ibfk_2` FOREIGN KEY (`id_so_tap_pleg`) REFERENCES `sujetos_obligados` (`id_so`);

--
-- Filtros para la tabla `usuarios`
--
ALTER TABLE `usuarios`
  ADD CONSTRAINT `usuarios_ibfk_1` FOREIGN KEY (`id_cat_user`) REFERENCES `categorias` (`id_categoria`) ON DELETE NO ACTION ON UPDATE NO ACTION,
  ADD CONSTRAINT `usuarios_ibfk_2` FOREIGN KEY (`id_so_user`) REFERENCES `sujetos_obligados` (`id_so`) ON DELETE NO ACTION ON UPDATE NO ACTION,
  ADD CONSTRAINT `usuarios_ibfk_3` FOREIGN KEY (`id_ubicacion_user`) REFERENCES `ayuntamientos` (`id_ayuntamiento`) ON DELETE NO ACTION ON UPDATE NO ACTION,
  ADD CONSTRAINT `usuarios_ibfk_4` FOREIGN KEY (`nivel_user`) REFERENCES `nivel_usr` (`id_nivel_usr`) ON DELETE NO ACTION ON UPDATE NO ACTION,
  ADD CONSTRAINT `usuarios_ibfk_5` FOREIGN KEY (`user_activo`) REFERENCES `estatus_user` (`id_status`) ON DELETE NO ACTION ON UPDATE NO ACTION;
COMMIT;

/*!40101 SET CHARACTER_SET_CLIENT=@OLD_CHARACTER_SET_CLIENT */;
/*!40101 SET CHARACTER_SET_RESULTS=@OLD_CHARACTER_SET_RESULTS */;
/*!40101 SET COLLATION_CONNECTION=@OLD_COLLATION_CONNECTION */;
